order_id,customer_id,product_id,quantity,unit_price,total_price,discount,order_date,payment_method,shipping_cost,status
1,593,61,3,65,89,0.3,8/1/2023,PayPal,2.13,Shipped
2,923,53,9,83,73,0.4,8/1/2023,PayPal,99.27,Shipped
3,550,25,1,79,57,0.1,8/1/2023,Credit Card,20.15,Canceled
4,317,33,9,23,20,0.4,8/1/2023,PayPal,80.55,Shipped
5,558,12,5,55,75,0.2,8/1/2023,Credit Card,22.97,Canceled
6,454,9,4,70,72,0.2,8/1/2023,Credit Card,68.33,Pending
7,796,78,4,82,36,0.2,8/1/2023,PayPal,38.55,Pending
8,42,16,3,6,44,0.2,8/1/2023,Credit Card,34.07,Canceled
9,317,6,7,95,33,0.2,8/1/2023,Credit Card,14.92,Pending
10,601,12,5,32,91,0.1,8/1/2023,PayPal,18.78,Shipped
11,323,66,2,100,6,0.2,8/1/2023,Credit Card,66.53,Canceled
12,929,19,6,98,79,0.5,8/1/2023,PayPal,87.26,Pending
13,151,18,10,100,59,0.1,8/1/2023,PayPal,91.19,Pending
14,235,36,3,48,86,0.2,8/1/2023,Credit Card,34.84,Pending
15,767,65,1,65,49,0.1,8/1/2023,PayPal,4.74,Canceled
16,616,86,10,85,70,0.3,8/1/2023,PayPal,3.47,Pending
17,101,24,3,99,42,0.2,8/1/2023,PayPal,67.03,Shipped
18,784,45,4,46,27,0.1,8/1/2023,PayPal,33.97,Shipped
19,719,31,10,37,97,0.4,8/1/2023,Credit Card,10.79,Pending
20,761,7,4,65,27,0.5,8/1/2023,PayPal,44.89,Canceled
21,403,72,5,77,7,0.3,8/1/2023,Credit Card,22.85,Pending
22,414,83,3,36,28,0.1,8/1/2023,PayPal,63.82,Pending
23,582,8,4,99,14,0.1,8/1/2023,Credit Card,26.83,Canceled
24,945,16,2,79,9,0.4,8/1/2023,Credit Card,53.25,Pending
25,177,9,10,11,93,0.2,8/1/2023,PayPal,42.33,Canceled
26,28,59,1,37,27,0.1,8/1/2023,Credit Card,46.25,Pending
27,488,21,9,46,70,0.1,8/1/2023,Credit Card,79.04,Pending
28,668,5,5,98,90,0.2,8/1/2023,PayPal,89.79,Pending
29,454,77,5,50,19,0.4,8/1/2023,PayPal,8.04,Pending
30,117,76,3,64,75,0.1,8/1/2023,PayPal,66.9,Pending
31,944,50,10,62,86,0.4,8/1/2023,Credit Card,35.59,Pending
32,520,27,4,17,87,0.2,8/1/2023,Credit Card,23.47,Pending
33,861,65,7,3,22,0.1,8/1/2023,PayPal,74.85,Canceled
34,601,11,5,92,64,0.3,8/1/2023,PayPal,85.28,Shipped
35,900,83,4,61,40,0.4,8/1/2023,Credit Card,57.55,Canceled
36,74,55,6,6,20,0.0,8/1/2023,Credit Card,84.27,Pending
37,657,67,9,22,90,0.4,8/1/2023,Credit Card,64.01,Pending
38,917,71,10,55,27,0.2,8/1/2023,PayPal,4.63,Shipped
39,848,36,1,51,5,0.0,8/1/2023,PayPal,43.95,Shipped
40,689,45,3,19,64,0.1,8/1/2023,Credit Card,58.19,Shipped
41,692,17,10,79,4,0.4,8/1/2023,Credit Card,30.1,Shipped
42,834,9,6,54,73,0.1,8/1/2023,Credit Card,23.84,Canceled
43,757,96,6,63,100,0.2,8/1/2023,Credit Card,62.46,Canceled
44,941,98,10,71,45,0.0,8/1/2023,PayPal,78.14,Canceled
45,436,82,3,37,19,0.3,8/1/2023,Credit Card,2.33,Pending
46,823,75,7,1,83,0.1,8/1/2023,PayPal,18.22,Shipped
47,902,49,8,65,71,0.2,8/1/2023,Credit Card,39.83,Canceled
48,297,46,2,57,26,0.4,8/1/2023,PayPal,75.22,Pending
49,898,82,4,79,84,0.3,8/1/2023,PayPal,51.62,Pending
50,942,69,5,94,59,0.1,8/1/2023,PayPal,1.59,Canceled
51,852,2,8,20,91,0.0,8/1/2023,PayPal,64.87,Pending
52,340,91,3,65,3,0.2,8/1/2023,PayPal,66.28,Pending
53,793,16,7,56,99,0.1,8/1/2023,PayPal,94.25,Pending
54,528,73,1,1,25,0.0,8/1/2023,PayPal,24.12,Pending
55,352,19,3,71,28,0.3,8/1/2023,PayPal,63.17,Pending
56,738,63,3,40,53,0.4,8/1/2023,PayPal,78.99,Canceled
57,456,1,1,1,96,0.1,8/1/2023,Credit Card,46.73,Shipped
58,179,26,2,19,14,0.0,8/1/2023,PayPal,27.32,Canceled
59,582,13,1,44,87,0.4,8/1/2023,Credit Card,24.68,Shipped
60,696,82,2,53,78,0.3,8/1/2023,PayPal,15.41,Pending
61,235,25,9,66,99,0.3,8/1/2023,Credit Card,49.12,Canceled
62,272,7,6,71,96,0.4,8/1/2023,PayPal,80.06,Shipped
63,775,38,4,1,61,0.1,8/1/2023,Credit Card,20.7,Canceled
64,894,93,6,70,95,0.1,8/1/2023,Credit Card,81.89,Pending
65,192,17,5,64,35,0.0,8/1/2023,Credit Card,50.43,Canceled
66,739,8,10,97,44,0.0,8/1/2023,Credit Card,2.27,Shipped
67,590,31,3,50,100,0.3,8/1/2023,Credit Card,44.85,Shipped
68,948,50,5,70,27,0.2,8/1/2023,PayPal,74.18,Pending
69,82,77,1,33,71,0.2,8/1/2023,PayPal,20.65,Canceled
70,397,71,6,81,60,0.3,8/1/2023,PayPal,22.36,Pending
71,816,70,3,94,14,0.1,8/1/2023,Credit Card,96.14,Pending
72,415,26,6,53,81,0.4,8/1/2023,PayPal,84.99,Canceled
73,175,12,1,44,2,0.5,8/1/2023,Credit Card,32.15,Canceled
74,896,98,7,46,9,0.4,8/1/2023,Credit Card,95.84,Canceled
75,769,100,9,45,47,0.0,8/1/2023,Credit Card,30.53,Canceled
76,342,32,9,3,81,0.2,8/1/2023,Credit Card,11.46,Pending
77,291,46,4,19,44,0.1,8/1/2023,PayPal,91.35,Pending
78,583,36,3,80,3,0.1,8/1/2023,Credit Card,63.47,Pending
79,797,69,6,24,83,0.1,8/1/2023,PayPal,41.21,Pending
80,904,10,4,66,65,0.5,8/1/2023,Credit Card,92.77,Shipped
81,146,87,5,82,21,0.3,8/1/2023,Credit Card,64.2,Pending
82,534,81,7,81,78,0.5,8/1/2023,Credit Card,69.96,Pending
83,794,73,3,64,4,0.3,8/1/2023,Credit Card,88.62,Shipped
84,797,62,5,73,81,0.2,8/1/2023,PayPal,20.27,Canceled
85,476,39,3,1,89,0.3,8/1/2023,Credit Card,83.84,Canceled
86,467,1,10,82,44,0.3,8/1/2023,PayPal,24.47,Shipped
87,414,63,8,31,26,0.2,8/1/2023,Credit Card,60.78,Shipped
88,812,84,8,14,56,0.4,8/1/2023,PayPal,79.29,Canceled
89,54,44,9,31,1,0.5,8/1/2023,Credit Card,20.01,Shipped
90,311,50,7,24,20,0.0,8/1/2023,PayPal,60.46,Shipped
91,981,51,1,82,27,0.1,8/1/2023,Credit Card,59.18,Shipped
92,752,74,3,53,7,0.5,8/1/2023,Credit Card,25.95,Canceled
93,806,91,3,51,43,0.1,8/1/2023,PayPal,19.16,Pending
94,722,71,8,97,40,0.1,8/1/2023,Credit Card,89.28,Pending
95,316,65,4,1,55,0.2,8/1/2023,Credit Card,9.02,Shipped
96,991,99,6,73,28,0.4,8/1/2023,Credit Card,49.31,Pending
97,789,37,7,100,62,0.1,8/1/2023,Credit Card,51.32,Pending
98,264,7,6,78,58,0.4,8/1/2023,PayPal,45.63,Shipped
99,78,41,6,65,37,0.2,8/1/2023,Credit Card,20.58,Shipped
100,165,18,2,34,45,0.4,8/1/2023,PayPal,19.79,Shipped
101,440,35,6,59,89,0.2,8/1/2023,Credit Card,87.12,Pending
102,954,73,1,82,18,0.1,8/1/2023,Credit Card,83.95,Pending
103,802,95,10,43,35,0.1,8/1/2023,Credit Card,90.05,Pending
104,309,47,6,54,40,0.3,8/1/2023,PayPal,44.64,Canceled
105,784,33,2,58,36,0.4,8/1/2023,PayPal,34.52,Shipped
106,181,83,2,12,9,0.0,8/1/2023,PayPal,4.91,Canceled
107,550,44,1,1,6,0.4,8/1/2023,Credit Card,97.92,Shipped
108,656,67,2,96,38,0.3,8/1/2023,Credit Card,45.97,Canceled
109,345,22,5,16,46,0.2,8/1/2023,Credit Card,41.97,Pending
110,393,81,7,60,6,0.1,8/1/2023,PayPal,25.25,Shipped
111,598,28,7,78,60,0.4,8/1/2023,Credit Card,92.27,Pending
112,116,10,2,2,78,0.4,8/1/2023,PayPal,46.59,Pending
113,544,36,1,82,27,0.2,8/1/2023,Credit Card,44.13,Canceled
114,959,72,1,58,4,0.2,8/1/2023,PayPal,14.88,Canceled
115,13,46,6,21,52,0.5,8/1/2023,Credit Card,17.15,Shipped
116,154,19,1,89,33,0.1,8/1/2023,PayPal,17.16,Shipped
117,278,57,8,41,70,0.2,8/1/2023,PayPal,55.04,Pending
118,739,50,1,49,45,0.5,8/1/2023,Credit Card,77.6,Canceled
119,372,66,6,73,25,0.1,8/1/2023,Credit Card,31.27,Pending
120,803,75,5,58,10,0.1,8/1/2023,PayPal,20.83,Pending
121,243,11,8,18,27,0.1,8/1/2023,Credit Card,8.88,Canceled
122,320,18,4,88,93,0.4,8/1/2023,Credit Card,90.47,Canceled
123,565,68,3,12,4,0.0,8/1/2023,PayPal,63.09,Canceled
124,849,25,8,61,57,0.3,8/1/2023,Credit Card,87.94,Pending
125,46,38,9,13,26,0.2,8/1/2023,Credit Card,93.52,Pending
126,202,69,5,77,24,0.3,8/1/2023,Credit Card,8.11,Canceled
127,416,43,3,20,82,0.0,8/1/2023,Credit Card,89.45,Pending
128,479,44,5,28,61,0.3,8/1/2023,PayPal,62.65,Canceled
129,142,42,7,51,77,0.0,8/1/2023,PayPal,57.99,Pending
130,359,71,9,77,40,0.3,8/1/2023,Credit Card,19.15,Canceled
131,92,83,6,10,44,0.4,8/1/2023,PayPal,8.18,Pending
132,967,25,6,83,21,0.2,8/1/2023,Credit Card,92.01,Pending
133,530,3,3,72,23,0.5,8/1/2023,Credit Card,58.73,Pending
134,281,97,8,10,58,0.5,8/1/2023,PayPal,8.59,Shipped
135,224,47,6,28,30,0.0,8/1/2023,PayPal,29.94,Pending
136,95,19,6,30,86,0.1,8/1/2023,PayPal,57.43,Shipped
137,595,46,3,87,59,0.2,8/1/2023,Credit Card,19.76,Canceled
138,971,85,2,18,57,0.3,8/1/2023,PayPal,83.16,Shipped
139,203,87,8,64,50,0.2,8/1/2023,PayPal,64.38,Pending
140,841,3,4,58,70,0.4,8/1/2023,Credit Card,86.31,Pending
141,572,8,7,2,32,0.5,8/1/2023,Credit Card,86.77,Pending
142,960,66,8,89,19,0.2,8/1/2023,Credit Card,98.56,Pending
143,67,38,9,6,83,0.5,8/1/2023,PayPal,64.57,Shipped
144,897,49,8,44,66,0.1,8/1/2023,PayPal,60.95,Pending
145,985,63,6,4,38,0.5,8/1/2023,PayPal,5.76,Pending
146,578,21,8,73,91,0.1,8/1/2023,PayPal,40.51,Canceled
147,105,10,9,12,89,0.1,8/1/2023,Credit Card,17.46,Pending
148,647,46,8,34,48,0.2,8/1/2023,Credit Card,28.9,Shipped
149,197,43,10,15,32,0.3,8/1/2023,Credit Card,36.82,Shipped
150,791,98,4,72,94,0.1,8/1/2023,PayPal,96.88,Pending
151,223,12,6,87,30,0.3,8/1/2023,PayPal,4.82,Shipped
152,986,13,1,75,3,0.2,8/1/2023,PayPal,3.03,Shipped
153,36,53,3,21,27,0.2,8/1/2023,Credit Card,48.48,Shipped
154,861,86,2,75,79,0.4,8/1/2023,PayPal,36.97,Canceled
155,973,37,2,88,76,0.2,8/1/2023,Credit Card,52.9,Shipped
156,892,50,1,54,36,0.1,8/1/2023,Credit Card,51.6,Canceled
157,717,100,1,12,42,0.2,8/1/2023,PayPal,62.51,Shipped
158,843,68,7,83,68,0.4,8/1/2023,PayPal,76.39,Canceled
159,547,26,3,95,19,0.0,8/1/2023,Credit Card,56.91,Pending
160,12,87,7,18,80,0.2,8/1/2023,PayPal,81.2,Shipped
161,725,76,4,11,7,0.4,8/1/2023,PayPal,80.97,Pending
162,855,86,7,29,59,0.3,8/1/2023,Credit Card,35.59,Canceled
163,983,44,10,72,18,0.3,8/1/2023,PayPal,79.22,Canceled
164,753,10,6,32,56,0.4,8/1/2023,PayPal,62.9,Canceled
165,851,17,4,70,61,0.0,8/1/2023,PayPal,98.53,Shipped
166,299,92,4,92,91,0.1,8/1/2023,Credit Card,97.53,Canceled
167,453,21,7,55,19,0.3,8/1/2023,PayPal,96.29,Shipped
168,405,65,3,70,90,0.1,8/1/2023,PayPal,89.85,Shipped
169,601,47,3,39,48,0.5,8/1/2023,Credit Card,36.02,Pending
170,507,47,5,25,38,0.2,8/1/2023,PayPal,88.08,Pending
171,469,2,5,83,41,0.1,8/1/2023,PayPal,12.9,Pending
172,190,47,5,74,89,0.2,8/1/2023,PayPal,75.99,Canceled
173,517,63,10,76,36,0.2,8/1/2023,PayPal,89.44,Shipped
174,274,15,10,35,77,0.2,8/1/2023,PayPal,8.64,Pending
175,65,69,5,46,57,0.4,8/1/2023,Credit Card,39.66,Shipped
176,759,81,10,71,71,0.4,8/1/2023,Credit Card,2.2,Shipped
177,496,100,2,63,87,0.1,8/1/2023,Credit Card,99.73,Pending
178,907,52,2,40,68,0.2,8/1/2023,PayPal,22.21,Canceled
179,230,12,7,18,51,0.0,8/1/2023,PayPal,18.28,Shipped
180,70,56,7,16,86,0.4,8/1/2023,PayPal,40.09,Pending
181,151,76,2,84,38,0.1,8/1/2023,PayPal,61.45,Canceled
182,456,24,1,15,45,0.3,8/1/2023,PayPal,3.74,Shipped
183,394,24,5,91,19,0.4,8/1/2023,PayPal,3.16,Shipped
184,735,41,1,72,36,0.1,8/1/2023,Credit Card,92.86,Pending
185,761,54,3,74,37,0.2,8/1/2023,Credit Card,90.19,Canceled
186,350,54,5,79,44,0.4,8/1/2023,Credit Card,59.51,Shipped
187,859,66,10,35,83,0.4,8/1/2023,PayPal,46.48,Shipped
188,622,5,7,93,98,0.1,8/1/2023,Credit Card,49.67,Shipped
189,139,27,9,39,63,0.2,8/1/2023,PayPal,46.4,Shipped
190,104,21,3,16,91,0.0,8/1/2023,Credit Card,27.5,Shipped
191,997,75,5,73,42,0.3,8/1/2023,PayPal,73.32,Canceled
192,517,18,2,81,28,0.2,8/1/2023,Credit Card,51.53,Shipped
193,163,47,8,58,89,0.1,8/1/2023,Credit Card,94.71,Pending
194,478,83,3,94,48,0.3,8/1/2023,Credit Card,49.56,Canceled
195,640,78,7,93,17,0.1,8/1/2023,PayPal,58.65,Pending
196,718,9,10,13,12,0.2,8/1/2023,Credit Card,15.1,Canceled
197,949,41,1,16,91,0.0,8/1/2023,Credit Card,91.95,Shipped
198,339,50,7,66,11,0.4,8/1/2023,PayPal,55.28,Canceled
199,546,76,1,77,92,0.3,8/1/2023,PayPal,76.06,Shipped
200,415,58,5,53,80,0.1,8/1/2023,Credit Card,87.48,Pending
201,582,21,7,61,73,0.1,8/1/2023,PayPal,74.43,Canceled
202,398,11,2,51,94,0.3,8/1/2023,PayPal,87.91,Canceled
203,900,11,5,61,52,0.2,8/1/2023,PayPal,47.59,Pending
204,590,93,6,28,90,0.2,8/1/2023,PayPal,71.58,Pending
205,744,84,2,30,47,0.3,8/1/2023,PayPal,15.96,Canceled
206,637,90,9,26,21,0.3,8/1/2023,PayPal,65.3,Canceled
207,213,89,4,89,64,0.1,8/1/2023,PayPal,5.4,Shipped
208,575,85,6,81,3,0.3,8/1/2023,PayPal,53.54,Canceled
209,244,27,9,82,6,0.5,8/1/2023,Credit Card,98.23,Shipped
210,746,88,5,10,24,0.2,8/1/2023,Credit Card,44.97,Canceled
211,890,33,4,63,20,0.4,8/1/2023,PayPal,78.77,Pending
212,269,82,2,46,48,0.2,8/1/2023,Credit Card,84.68,Shipped
213,449,42,9,69,93,0.4,8/1/2023,Credit Card,29.1,Canceled
214,88,27,9,41,61,0.1,8/1/2023,PayPal,85.83,Pending
215,532,68,10,26,14,0.5,8/1/2023,Credit Card,53.15,Shipped
216,848,66,1,27,87,0.1,8/1/2023,Credit Card,40.6,Shipped
217,183,59,8,18,60,0.1,8/1/2023,Credit Card,59.87,Shipped
218,260,37,6,62,58,0.2,8/1/2023,Credit Card,96.87,Pending
219,275,90,10,94,97,0.4,8/1/2023,Credit Card,71.67,Canceled
220,740,43,3,72,51,0.4,8/1/2023,PayPal,75.74,Pending
221,48,30,7,37,8,0.3,8/1/2023,PayPal,59.54,Canceled
222,654,7,10,45,31,0.1,8/1/2023,Credit Card,67.34,Pending
223,403,83,6,36,49,0.2,8/1/2023,PayPal,31.77,Canceled
224,299,28,4,91,72,0.3,8/1/2023,PayPal,32.04,Pending
225,194,47,9,60,69,0.3,8/1/2023,PayPal,44.58,Canceled
226,876,87,8,22,8,0.0,8/1/2023,PayPal,59.41,Canceled
227,443,31,1,48,59,0.4,8/1/2023,PayPal,24.46,Pending
228,865,48,3,84,37,0.2,8/1/2023,PayPal,86.45,Canceled
229,365,22,9,4,31,0.2,8/1/2023,PayPal,68.93,Canceled
230,96,30,3,89,98,0.1,8/1/2023,Credit Card,43.15,Canceled
231,237,28,5,85,58,0.3,8/1/2023,PayPal,91.36,Pending
232,444,48,6,27,82,0.4,8/1/2023,Credit Card,47.72,Pending
233,309,95,2,25,65,0.2,8/1/2023,Credit Card,23.61,Canceled
234,351,58,10,21,12,0.0,8/1/2023,PayPal,6.87,Canceled
235,634,79,7,72,18,0.3,8/1/2023,PayPal,44.58,Pending
236,323,6,6,92,25,0.0,8/1/2023,PayPal,78.4,Shipped
237,710,2,7,80,81,0.5,8/1/2023,PayPal,33.67,Pending
238,61,20,4,9,26,0.2,8/1/2023,PayPal,84.63,Canceled
239,412,2,9,38,5,0.1,8/1/2023,PayPal,75.62,Canceled
240,580,19,2,93,28,0.1,8/1/2023,PayPal,29.25,Shipped
241,628,27,9,86,99,0.5,8/1/2023,Credit Card,51.86,Shipped
242,54,20,10,87,79,0.4,8/1/2023,Credit Card,76.02,Pending
243,814,10,2,56,55,0.3,8/1/2023,Credit Card,99.72,Pending
244,864,94,1,97,6,0.3,8/1/2023,PayPal,58.24,Canceled
245,553,19,8,45,26,0.1,8/1/2023,Credit Card,77.37,Shipped
246,820,73,8,4,70,0.1,8/1/2023,PayPal,50.01,Canceled
247,297,41,1,38,96,0.4,8/1/2023,Credit Card,36.75,Shipped
248,524,19,3,74,92,0.3,8/1/2023,PayPal,97.45,Canceled
249,997,73,10,23,42,0.4,8/1/2023,Credit Card,97.8,Canceled
250,632,28,6,58,39,0.2,8/1/2023,Credit Card,9.22,Shipped
251,914,12,7,72,96,0.1,8/1/2023,Credit Card,39.55,Canceled
252,888,76,10,78,32,0.1,8/1/2023,PayPal,40.67,Shipped
253,291,21,4,11,7,0.4,8/1/2023,PayPal,34.99,Canceled
254,791,15,3,34,81,0.1,8/1/2023,Credit Card,64.86,Canceled
255,791,17,4,18,8,0.1,8/1/2023,Credit Card,21.14,Canceled
256,885,83,1,5,15,0.5,8/1/2023,Credit Card,26.26,Shipped
257,841,90,6,7,39,0.3,8/1/2023,PayPal,69.19,Shipped
258,972,91,4,22,35,0.5,8/1/2023,PayPal,82.87,Canceled
259,954,35,7,27,93,0.3,8/1/2023,PayPal,35.84,Canceled
260,754,13,9,67,37,0.2,8/1/2023,PayPal,55.08,Pending
261,246,94,6,2,80,0.5,8/1/2023,Credit Card,22.88,Canceled
262,78,37,6,84,58,0.4,8/1/2023,PayPal,62.7,Canceled
263,752,86,3,24,34,0.4,8/1/2023,PayPal,57.98,Canceled
264,62,20,3,85,15,0.1,8/1/2023,PayPal,81.7,Shipped
265,515,21,3,71,3,0.0,8/1/2023,PayPal,58.15,Canceled
266,288,26,3,34,16,0.4,8/1/2023,PayPal,88.4,Pending
267,271,61,9,14,1,0.4,8/1/2023,PayPal,30.47,Shipped
268,843,26,4,30,50,0.3,8/1/2023,Credit Card,57.87,Shipped
269,872,91,1,81,13,0.0,8/1/2023,Credit Card,20.66,Pending
270,343,87,2,22,34,0.2,8/1/2023,PayPal,9.74,Canceled
271,4,79,7,48,20,0.2,8/1/2023,Credit Card,6.6,Canceled
272,354,91,4,82,8,0.5,8/1/2023,PayPal,34.69,Pending
273,281,51,8,62,27,0.4,8/1/2023,Credit Card,19.42,Shipped
274,871,74,8,68,34,0.0,8/1/2023,Credit Card,18.88,Canceled
275,308,22,3,19,52,0.1,8/1/2023,Credit Card,81.84,Canceled
276,813,48,9,62,34,0.0,8/1/2023,Credit Card,93.05,Shipped
277,382,49,7,53,53,0.3,8/1/2023,PayPal,98.63,Shipped
278,582,89,7,67,7,0.5,8/1/2023,PayPal,23.26,Canceled
279,305,94,8,14,79,0.0,8/1/2023,PayPal,3.93,Pending
280,556,76,2,74,69,0.0,8/1/2023,PayPal,32.32,Pending
281,674,40,3,59,43,0.2,8/1/2023,Credit Card,87.16,Shipped
282,937,49,1,49,78,0.2,8/1/2023,PayPal,2.1,Shipped
283,643,54,2,66,85,0.1,8/1/2023,PayPal,47.3,Shipped
284,838,35,3,20,98,0.4,8/1/2023,PayPal,73.17,Canceled
285,186,83,7,12,60,0.5,8/1/2023,PayPal,59.68,Shipped
286,980,13,6,23,19,0.3,8/1/2023,PayPal,16.54,Pending
287,429,28,4,49,60,0.2,8/1/2023,PayPal,49.76,Shipped
288,741,72,8,56,3,0.2,8/1/2023,Credit Card,70.45,Canceled
289,197,94,7,62,32,0.1,8/1/2023,PayPal,83.65,Shipped
290,738,55,5,12,99,0.5,8/1/2023,PayPal,64.11,Canceled
291,802,35,8,50,84,0.5,8/1/2023,PayPal,67.06,Shipped
292,688,20,9,80,78,0.3,8/1/2023,Credit Card,41.45,Canceled
293,861,97,9,40,36,0.2,8/1/2023,Credit Card,64.46,Canceled
294,678,92,1,80,14,0.2,8/1/2023,Credit Card,68.79,Pending
295,333,30,4,31,55,0.2,8/1/2023,PayPal,37.39,Canceled
296,357,60,7,19,67,0.2,8/1/2023,PayPal,9.82,Shipped
297,136,23,9,97,24,0.4,8/1/2023,PayPal,9.77,Shipped
298,82,75,2,80,74,0.0,8/1/2023,Credit Card,13.51,Pending
299,802,4,5,93,9,0.1,8/1/2023,PayPal,35.33,Shipped
300,888,76,6,54,81,0.0,8/1/2023,Credit Card,73.55,Shipped
301,800,98,8,43,42,0.4,8/1/2023,PayPal,36.55,Pending
302,966,97,10,19,62,0.0,8/1/2023,Credit Card,39.33,Pending
303,489,45,7,26,27,0.0,8/1/2023,Credit Card,96.71,Shipped
304,451,32,9,97,10,0.2,8/1/2023,Credit Card,31.36,Canceled
305,540,48,6,36,6,0.1,8/1/2023,PayPal,34.92,Pending
306,428,25,2,89,79,0.3,8/1/2023,Credit Card,9.79,Shipped
307,584,16,5,63,90,0.4,8/1/2023,Credit Card,33.52,Pending
308,787,15,4,67,5,0.2,8/1/2023,PayPal,58.9,Pending
309,578,8,8,30,57,0.3,8/1/2023,Credit Card,31.57,Shipped
310,170,15,8,35,76,0.2,8/1/2023,PayPal,44.89,Canceled
311,290,75,6,92,86,0.2,8/1/2023,Credit Card,35.16,Canceled
312,686,46,1,56,7,0.2,8/1/2023,PayPal,76.16,Shipped
313,7,60,10,28,31,0.3,8/1/2023,Credit Card,86.22,Shipped
314,66,69,7,87,58,0.1,8/1/2023,Credit Card,19.74,Canceled
315,109,85,4,37,60,0.1,8/1/2023,PayPal,14.72,Shipped
316,85,60,2,59,40,0.1,8/1/2023,PayPal,32.34,Canceled
317,295,99,8,17,26,0.3,8/1/2023,PayPal,48.67,Pending
318,45,29,4,97,74,0.5,8/1/2023,PayPal,65.56,Shipped
319,541,27,7,77,31,0.2,8/1/2023,Credit Card,45.21,Shipped
320,558,9,7,57,22,0.1,8/1/2023,PayPal,5.52,Shipped
321,508,87,3,23,59,0.2,8/1/2023,PayPal,63.53,Pending
322,399,53,6,6,63,0.4,8/1/2023,Credit Card,79.98,Pending
323,380,55,3,33,88,0.4,8/1/2023,Credit Card,31.51,Pending
324,813,41,10,76,37,0.1,8/1/2023,PayPal,20.16,Pending
325,6,96,1,97,45,0.4,8/1/2023,PayPal,72.05,Pending
326,302,96,6,65,41,0.3,8/1/2023,PayPal,55.49,Pending
327,124,88,10,49,67,0.0,8/1/2023,PayPal,31.14,Shipped
328,428,4,8,75,9,0.2,8/1/2023,Credit Card,55.76,Pending
329,358,5,9,19,28,0.2,8/1/2023,PayPal,48.26,Shipped
330,312,25,7,65,96,0.3,8/1/2023,PayPal,26.12,Shipped
331,582,21,2,37,73,0.0,8/1/2023,PayPal,82.97,Pending
332,394,83,7,97,72,0.2,8/1/2023,Credit Card,56.09,Shipped
333,976,19,5,93,25,0.4,8/1/2023,Credit Card,17.72,Shipped
334,328,70,1,86,28,0.1,8/1/2023,PayPal,9.51,Pending
335,579,7,8,66,64,0.3,8/1/2023,PayPal,71.68,Shipped
336,435,74,6,38,25,0.3,8/1/2023,Credit Card,40.68,Pending
337,30,35,6,25,36,0.1,8/1/2023,PayPal,77.87,Canceled
338,804,39,7,75,91,0.4,8/1/2023,Credit Card,58.54,Canceled
339,128,38,9,81,91,0.2,8/1/2023,PayPal,79.61,Canceled
340,157,9,8,27,13,0.4,8/1/2023,PayPal,50.0,Canceled
341,465,45,6,78,16,0.2,8/1/2023,PayPal,76.35,Shipped
342,487,11,2,85,85,0.3,8/1/2023,Credit Card,47.63,Canceled
343,444,1,2,60,100,0.3,8/1/2023,PayPal,56.12,Shipped
344,998,63,4,22,74,0.4,8/1/2023,PayPal,30.65,Canceled
345,2,49,9,52,58,0.2,8/1/2023,PayPal,45.27,Pending
346,579,60,9,13,76,0.2,8/1/2023,PayPal,41.6,Pending
347,205,4,6,88,91,0.3,8/1/2023,Credit Card,2.59,Shipped
348,278,70,4,97,40,0.2,8/1/2023,PayPal,82.87,Canceled
349,104,38,9,76,47,0.3,8/1/2023,PayPal,15.61,Canceled
350,807,90,7,7,69,0.3,8/1/2023,PayPal,23.79,Pending
351,187,77,8,81,53,0.4,8/1/2023,Credit Card,60.5,Shipped
352,282,63,10,24,29,0.1,8/1/2023,Credit Card,25.77,Shipped
353,828,41,8,40,25,0.2,8/1/2023,PayPal,54.56,Pending
354,563,71,2,16,82,0.4,8/1/2023,Credit Card,3.19,Canceled
355,440,9,6,3,14,0.4,8/1/2023,PayPal,23.81,Canceled
356,299,73,6,76,98,0.2,8/1/2023,PayPal,25.1,Shipped
357,754,35,6,98,97,0.4,8/1/2023,Credit Card,33.7,Canceled
358,521,32,4,14,86,0.4,8/1/2023,PayPal,40.9,Canceled
359,807,97,5,81,4,0.5,8/1/2023,PayPal,23.21,Canceled
360,216,41,10,15,78,0.4,8/1/2023,Credit Card,33.75,Canceled
361,440,5,1,39,96,0.2,8/1/2023,Credit Card,27.79,Shipped
362,743,31,4,73,36,0.0,8/1/2023,PayPal,38.02,Shipped
363,749,16,2,25,53,0.1,8/1/2023,Credit Card,6.14,Canceled
364,245,40,8,32,42,0.2,8/1/2023,Credit Card,23.49,Canceled
365,610,7,2,93,63,0.3,8/1/2023,PayPal,47.83,Pending
366,28,99,5,21,62,0.5,8/1/2023,PayPal,57.48,Pending
367,438,81,1,29,68,0.3,8/1/2023,PayPal,6.56,Shipped
368,678,41,7,18,15,0.2,8/1/2023,Credit Card,31.81,Pending
369,822,57,8,10,11,0.2,8/1/2023,Credit Card,24.97,Pending
370,856,75,6,37,67,0.2,8/1/2023,Credit Card,59.26,Canceled
371,713,35,3,56,23,0.1,8/1/2023,Credit Card,12.76,Shipped
372,796,47,5,52,68,0.5,8/1/2023,PayPal,73.79,Canceled
373,794,73,4,90,76,0.0,8/1/2023,Credit Card,23.22,Canceled
374,210,69,2,80,95,0.4,8/1/2023,PayPal,47.0,Canceled
375,257,47,9,65,35,0.1,8/1/2023,PayPal,51.0,Shipped
376,527,44,6,55,37,0.3,8/1/2023,Credit Card,72.5,Shipped
377,84,3,10,11,51,0.3,8/1/2023,PayPal,76.96,Shipped
378,981,42,10,30,72,0.3,8/1/2023,Credit Card,39.88,Canceled
379,645,43,7,21,19,0.4,8/1/2023,PayPal,29.66,Pending
380,825,31,6,50,94,0.3,8/1/2023,PayPal,78.8,Canceled
381,535,31,9,19,60,0.1,8/1/2023,Credit Card,11.22,Pending
382,768,97,4,68,8,0.4,8/1/2023,PayPal,20.68,Shipped
383,578,88,8,44,82,0.4,8/1/2023,PayPal,21.68,Canceled
384,625,53,1,43,82,0.4,8/1/2023,PayPal,51.29,Canceled
385,372,37,1,22,40,0.4,8/1/2023,PayPal,73.97,Pending
386,509,67,4,52,43,0.5,8/1/2023,PayPal,48.01,Shipped
387,376,1,5,32,91,0.0,8/1/2023,PayPal,59.97,Canceled
388,753,77,1,19,79,0.2,8/1/2023,PayPal,54.48,Pending
389,915,36,4,72,71,0.1,8/1/2023,Credit Card,68.87,Shipped
390,694,50,6,88,98,0.4,8/1/2023,PayPal,91.58,Pending
391,647,10,4,80,97,0.3,8/1/2023,Credit Card,95.55,Pending
392,212,50,6,61,93,0.1,8/1/2023,Credit Card,1.6,Shipped
393,222,94,2,68,66,0.2,8/1/2023,Credit Card,33.82,Shipped
394,317,15,9,98,27,0.0,8/1/2023,Credit Card,23.77,Canceled
395,243,21,5,58,56,0.0,8/1/2023,Credit Card,56.2,Shipped
396,216,95,1,82,54,0.1,8/1/2023,Credit Card,90.64,Pending
397,601,12,2,3,56,0.5,8/1/2023,Credit Card,40.6,Shipped
398,201,19,9,51,38,0.1,8/1/2023,Credit Card,67.37,Pending
399,311,24,3,53,98,0.5,8/1/2023,Credit Card,47.02,Canceled
400,954,70,9,2,47,0.2,8/1/2023,PayPal,61.45,Pending
401,101,62,10,34,12,0.3,8/1/2023,Credit Card,91.36,Canceled
402,920,66,5,60,100,0.4,8/1/2023,Credit Card,69.96,Shipped
403,62,82,3,11,25,0.1,8/1/2023,PayPal,42.19,Canceled
404,973,2,3,64,29,0.2,8/1/2023,PayPal,64.27,Canceled
405,796,91,9,60,1,0.2,8/1/2023,Credit Card,51.09,Shipped
406,675,49,10,53,9,0.5,8/1/2023,PayPal,16.14,Pending
407,312,36,7,44,10,0.2,8/1/2023,Credit Card,7.97,Canceled
408,501,68,4,18,26,0.4,8/1/2023,PayPal,49.67,Canceled
409,238,17,7,11,78,0.1,8/1/2023,Credit Card,16.83,Canceled
410,642,27,4,82,72,0.1,8/1/2023,Credit Card,9.93,Pending
411,734,56,2,4,47,0.1,8/1/2023,Credit Card,34.7,Canceled
412,882,93,4,74,36,0.2,8/1/2023,Credit Card,47.65,Canceled
413,994,58,4,33,3,0.1,8/1/2023,PayPal,67.64,Canceled
414,655,63,7,67,84,0.3,8/1/2023,PayPal,33.25,Shipped
415,393,39,4,65,50,0.1,8/1/2023,PayPal,54.81,Pending
416,727,53,4,36,9,0.1,8/1/2023,PayPal,47.35,Pending
417,442,68,7,4,54,0.0,8/1/2023,Credit Card,81.64,Shipped
418,512,15,8,20,3,0.0,8/1/2023,PayPal,65.93,Canceled
419,469,40,8,96,13,0.3,8/1/2023,Credit Card,25.23,Pending
420,765,26,9,82,42,0.1,8/1/2023,Credit Card,53.11,Pending
421,634,59,2,40,38,0.4,8/1/2023,PayPal,80.34,Canceled
422,602,34,6,47,69,0.3,8/1/2023,PayPal,71.72,Shipped
423,966,92,1,10,50,0.3,8/1/2023,PayPal,43.32,Canceled
424,586,37,6,75,23,0.4,8/1/2023,PayPal,34.46,Shipped
425,330,96,4,6,95,0.3,8/1/2023,PayPal,87.37,Shipped
426,934,36,2,56,39,0.1,8/1/2023,PayPal,86.85,Canceled
427,948,17,3,1,65,0.0,8/1/2023,PayPal,72.28,Shipped
428,188,100,1,76,27,0.3,8/1/2023,PayPal,89.4,Shipped
429,644,84,5,87,70,0.5,8/1/2023,PayPal,11.88,Shipped
430,387,13,2,48,9,0.3,8/1/2023,Credit Card,25.22,Pending
431,818,33,1,65,5,0.3,8/1/2023,PayPal,80.7,Canceled
432,627,14,3,18,3,0.2,8/1/2023,Credit Card,60.06,Pending
433,403,5,10,95,45,0.2,8/1/2023,PayPal,77.36,Canceled
434,781,43,2,67,19,0.3,8/1/2023,PayPal,68.93,Shipped
435,986,69,6,26,90,0.2,8/1/2023,PayPal,79.54,Pending
436,841,35,7,45,72,0.3,8/1/2023,PayPal,63.58,Pending
437,592,41,10,13,44,0.4,8/1/2023,Credit Card,31.95,Canceled
438,182,19,5,59,9,0.1,8/1/2023,PayPal,38.76,Shipped
439,384,89,9,3,26,0.2,8/1/2023,PayPal,26.07,Shipped
440,383,31,1,93,90,0.4,8/1/2023,PayPal,26.69,Pending
441,165,72,10,71,30,0.2,8/1/2023,PayPal,49.07,Pending
442,837,63,9,16,9,0.5,8/1/2023,Credit Card,80.7,Shipped
443,836,44,6,97,88,0.2,8/1/2023,PayPal,98.1,Pending
444,771,95,8,49,10,0.2,8/1/2023,Credit Card,83.57,Pending
445,872,30,1,62,48,0.0,8/1/2023,PayPal,31.39,Shipped
446,826,74,8,100,79,0.4,8/1/2023,Credit Card,18.66,Shipped
447,298,78,4,26,85,0.0,8/1/2023,Credit Card,73.93,Pending
448,748,89,7,11,60,0.5,8/1/2023,Credit Card,54.24,Canceled
449,423,31,5,26,78,0.3,8/1/2023,PayPal,80.55,Shipped
450,965,73,8,69,76,0.3,8/1/2023,Credit Card,89.75,Shipped
451,782,72,4,83,23,0.2,8/1/2023,Credit Card,77.31,Pending
452,253,91,4,56,70,0.4,8/1/2023,Credit Card,32.53,Pending
453,258,47,5,3,78,0.2,8/1/2023,PayPal,34.41,Canceled
454,124,91,5,19,26,0.3,8/1/2023,Credit Card,52.54,Shipped
455,258,47,7,22,17,0.5,8/1/2023,Credit Card,43.43,Canceled
456,285,51,3,80,16,0.5,8/1/2023,PayPal,72.53,Canceled
457,459,23,8,65,81,0.4,8/1/2023,Credit Card,24.34,Shipped
458,780,51,3,89,7,0.1,8/1/2023,PayPal,22.4,Canceled
459,840,65,3,33,76,0.3,8/1/2023,PayPal,1.61,Pending
460,108,5,5,10,62,0.3,8/1/2023,Credit Card,6.22,Shipped
461,161,21,3,60,50,0.3,8/1/2023,Credit Card,61.32,Canceled
462,884,77,7,2,66,0.1,8/1/2023,PayPal,35.96,Pending
463,725,8,8,95,30,0.0,8/1/2023,PayPal,12.71,Pending
464,168,96,5,91,62,0.3,8/1/2023,Credit Card,88.74,Shipped
465,956,93,1,7,94,0.4,8/1/2023,PayPal,86.35,Pending
466,447,36,8,21,25,0.5,8/1/2023,PayPal,94.8,Shipped
467,366,7,1,54,61,0.4,8/1/2023,Credit Card,29.03,Canceled
468,826,72,7,90,12,0.0,8/1/2023,Credit Card,70.5,Canceled
469,318,20,3,54,69,0.1,8/1/2023,PayPal,59.92,Canceled
470,208,45,10,64,1,0.2,8/1/2023,Credit Card,56.47,Pending
471,413,77,7,57,93,0.4,8/1/2023,Credit Card,12.64,Pending
472,731,64,10,81,18,0.0,8/1/2023,Credit Card,69.19,Canceled
473,23,55,2,14,70,0.3,8/1/2023,PayPal,76.2,Canceled
474,182,95,8,7,29,0.4,8/1/2023,Credit Card,45.25,Shipped
475,853,86,4,86,98,0.4,8/1/2023,Credit Card,3.28,Canceled
476,244,46,3,42,6,0.3,8/1/2023,PayPal,25.99,Pending
477,244,36,7,35,80,0.4,8/1/2023,PayPal,21.29,Pending
478,381,35,5,42,90,0.2,8/1/2023,PayPal,61.22,Canceled
479,370,18,5,58,85,0.1,8/1/2023,Credit Card,97.5,Pending
480,847,72,4,85,12,0.5,8/1/2023,Credit Card,78.44,Canceled
481,401,27,8,38,82,0.4,8/1/2023,PayPal,88.38,Shipped
482,246,3,2,20,58,0.0,8/1/2023,PayPal,15.8,Canceled
483,96,11,5,99,98,0.1,8/1/2023,Credit Card,55.19,Canceled
484,895,21,10,2,61,0.3,8/1/2023,Credit Card,21.6,Shipped
485,699,69,10,75,24,0.2,8/1/2023,PayPal,9.98,Canceled
486,774,8,6,90,52,0.3,8/1/2023,Credit Card,2.63,Shipped
487,527,74,2,1,34,0.0,8/1/2023,Credit Card,59.49,Pending
488,432,13,1,14,96,0.4,8/1/2023,PayPal,6.05,Shipped
489,216,42,7,48,69,0.3,8/1/2023,Credit Card,57.21,Shipped
490,343,34,3,16,95,0.1,8/1/2023,Credit Card,53.57,Pending
491,379,36,6,22,10,0.2,8/1/2023,Credit Card,55.79,Pending
492,889,47,10,59,78,0.0,8/1/2023,PayPal,75.97,Pending
493,709,88,4,54,32,0.1,8/1/2023,Credit Card,11.87,Canceled
494,562,15,3,11,28,0.3,8/1/2023,PayPal,88.67,Canceled
495,210,29,8,63,87,0.1,8/1/2023,Credit Card,46.45,Pending
496,227,98,4,51,48,0.0,8/1/2023,Credit Card,99.85,Pending
497,345,18,6,68,44,0.1,8/1/2023,PayPal,87.45,Pending
498,201,80,1,87,60,0.2,8/1/2023,Credit Card,61.87,Shipped
499,913,25,3,76,17,0.3,8/1/2023,PayPal,89.22,Shipped
500,941,6,4,85,79,0.1,8/1/2023,PayPal,98.17,Canceled
501,918,63,6,43,90,0.3,8/1/2023,Credit Card,6.17,Shipped
502,685,53,4,17,36,0.3,8/1/2023,PayPal,96.28,Canceled
503,456,67,2,64,68,0.4,8/1/2023,Credit Card,94.18,Shipped
504,955,40,10,22,70,0.1,8/1/2023,PayPal,92.51,Shipped
505,967,56,2,32,27,0.1,8/1/2023,Credit Card,4.59,Canceled
506,503,95,1,68,41,0.1,8/1/2023,PayPal,78.38,Pending
507,425,100,3,24,80,0.3,8/1/2023,PayPal,88.48,Canceled
508,23,89,8,53,69,0.3,8/1/2023,Credit Card,21.75,Canceled
509,133,63,3,17,53,0.4,8/1/2023,PayPal,92.44,Shipped
510,649,59,3,70,72,0.1,8/1/2023,PayPal,17.21,Canceled
511,305,60,3,1,39,0.5,8/1/2023,Credit Card,43.01,Canceled
512,382,57,4,11,44,0.3,8/1/2023,PayPal,64.82,Shipped
513,91,41,2,77,23,0.4,8/1/2023,Credit Card,6.84,Shipped
514,492,15,8,100,98,0.1,8/1/2023,Credit Card,2.96,Pending
515,758,31,7,71,52,0.1,8/1/2023,Credit Card,64.95,Shipped
516,459,61,9,35,7,0.4,8/1/2023,Credit Card,85.45,Shipped
517,887,68,1,23,20,0.5,8/1/2023,PayPal,38.31,Canceled
518,755,69,10,29,28,0.3,8/1/2023,PayPal,38.18,Pending
519,281,84,6,13,44,0.2,8/1/2023,PayPal,99.49,Canceled
520,143,46,6,58,35,0.4,8/1/2023,Credit Card,17.28,Shipped
521,686,61,10,82,2,0.1,8/1/2023,PayPal,34.5,Pending
522,730,24,6,79,86,0.2,8/1/2023,Credit Card,12.68,Shipped
523,452,60,3,36,49,0.0,8/1/2023,Credit Card,64.71,Shipped
524,244,55,2,20,76,0.2,8/1/2023,PayPal,77.12,Pending
525,210,5,1,100,84,0.1,8/1/2023,Credit Card,17.53,Pending
526,633,59,7,37,10,0.5,8/1/2023,PayPal,97.3,Canceled
527,546,53,9,61,80,0.0,8/1/2023,Credit Card,15.46,Canceled
528,501,63,1,39,86,0.4,8/1/2023,Credit Card,65.16,Shipped
529,592,88,6,37,98,0.2,8/1/2023,PayPal,66.4,Shipped
530,783,54,7,53,58,0.2,8/1/2023,Credit Card,11.76,Shipped
531,240,50,2,23,14,0.2,8/1/2023,Credit Card,28.67,Pending
532,68,55,1,79,38,0.3,8/1/2023,PayPal,18.88,Shipped
533,483,74,7,92,97,0.0,8/1/2023,Credit Card,62.04,Shipped
534,88,86,5,63,50,0.0,8/1/2023,PayPal,51.73,Pending
535,864,87,5,96,68,0.1,8/1/2023,PayPal,77.32,Canceled
536,390,94,4,39,30,0.4,8/1/2023,PayPal,12.4,Shipped
537,878,95,5,30,76,0.0,8/1/2023,Credit Card,82.71,Canceled
538,873,49,2,36,76,0.4,8/1/2023,PayPal,43.62,Pending
539,443,79,4,67,67,0.2,8/1/2023,PayPal,25.38,Canceled
540,845,54,4,92,42,0.1,8/1/2023,PayPal,76.62,Canceled
541,179,26,4,72,63,0.2,8/1/2023,Credit Card,96.19,Canceled
542,341,65,6,91,58,0.5,8/1/2023,Credit Card,73.84,Shipped
543,722,48,8,15,72,0.4,8/1/2023,Credit Card,40.66,Pending
544,176,27,6,3,98,0.2,8/1/2023,Credit Card,79.64,Shipped
545,982,23,3,66,12,0.1,8/1/2023,PayPal,22.63,Shipped
546,846,73,5,11,65,0.1,8/1/2023,PayPal,11.52,Pending
547,58,88,9,28,11,0.2,8/1/2023,PayPal,99.34,Pending
548,855,55,8,75,78,0.0,8/1/2023,PayPal,96.31,Canceled
549,242,53,1,45,99,0.4,8/1/2023,PayPal,86.22,Shipped
550,540,77,4,77,100,0.4,8/1/2023,PayPal,1.81,Canceled
551,383,80,8,97,82,0.0,8/1/2023,Credit Card,5.83,Canceled
552,437,88,4,74,2,0.1,8/1/2023,PayPal,84.74,Pending
553,932,29,4,90,71,0.1,8/1/2023,PayPal,79.44,Pending
554,588,89,4,53,69,0.3,8/1/2023,Credit Card,51.81,Canceled
555,617,25,6,21,80,0.4,8/1/2023,PayPal,27.86,Shipped
556,258,62,1,77,86,0.2,8/1/2023,Credit Card,98.43,Shipped
557,876,59,9,91,21,0.0,8/1/2023,PayPal,8.11,Canceled
558,777,68,7,25,68,0.3,8/1/2023,PayPal,24.06,Pending
559,351,32,2,91,47,0.3,8/1/2023,Credit Card,18.02,Shipped
560,546,6,10,46,20,0.4,8/1/2023,PayPal,83.51,Canceled
561,957,49,2,43,37,0.2,8/1/2023,PayPal,74.82,Canceled
562,603,36,6,5,25,0.5,8/1/2023,Credit Card,86.19,Pending
563,525,89,6,31,74,0.1,8/1/2023,PayPal,91.45,Shipped
564,512,17,10,48,69,0.4,8/1/2023,Credit Card,85.3,Shipped
565,509,34,9,59,79,0.2,8/1/2023,PayPal,41.65,Shipped
566,295,71,3,76,18,0.4,8/1/2023,Credit Card,83.7,Shipped
567,657,29,8,14,27,0.5,8/1/2023,Credit Card,65.82,Pending
568,368,52,8,19,71,0.4,8/1/2023,PayPal,24.36,Canceled
569,793,81,9,97,89,0.3,8/1/2023,PayPal,82.16,Canceled
570,72,32,9,11,19,0.0,8/1/2023,Credit Card,90.81,Canceled
571,599,46,5,61,76,0.4,8/1/2023,Credit Card,9.59,Canceled
572,445,57,6,71,66,0.0,8/1/2023,Credit Card,15.03,Pending
573,672,98,5,18,69,0.1,8/1/2023,PayPal,18.35,Pending
574,891,68,10,46,77,0.4,8/1/2023,Credit Card,43.74,Canceled
575,744,66,3,97,6,0.4,8/1/2023,PayPal,74.12,Pending
576,935,6,6,59,47,0.0,8/1/2023,PayPal,37.49,Canceled
577,701,74,4,62,29,0.3,8/1/2023,PayPal,66.3,Pending
578,436,97,10,9,56,0.1,8/1/2023,Credit Card,93.43,Pending
579,662,64,5,94,61,0.2,8/1/2023,Credit Card,16.49,Canceled
580,185,74,7,3,22,0.4,8/1/2023,Credit Card,90.65,Shipped
581,545,88,6,19,31,0.5,8/1/2023,Credit Card,37.04,Canceled
582,926,20,8,42,77,0.2,8/1/2023,Credit Card,94.66,Shipped
583,466,34,2,72,54,0.1,8/1/2023,PayPal,33.89,Canceled
584,81,9,6,55,16,0.5,8/1/2023,Credit Card,13.48,Pending
585,17,39,8,56,91,0.3,8/1/2023,PayPal,11.5,Canceled
586,36,26,5,93,82,0.4,8/1/2023,Credit Card,87.47,Canceled
587,98,66,3,60,52,0.1,8/1/2023,Credit Card,67.16,Canceled
588,221,69,2,77,4,0.1,8/1/2023,PayPal,57.62,Pending
589,820,50,4,16,92,0.4,8/1/2023,PayPal,37.35,Canceled
590,892,40,8,79,24,0.2,8/1/2023,PayPal,97.58,Pending
591,114,96,10,64,10,0.4,8/1/2023,PayPal,66.51,Shipped
592,996,65,7,65,88,0.5,8/1/2023,Credit Card,87.52,Shipped
593,129,36,1,15,7,0.3,8/1/2023,PayPal,74.85,Pending
594,372,1,10,60,90,0.1,8/1/2023,PayPal,84.45,Pending
595,65,81,3,32,29,0.5,8/1/2023,Credit Card,99.04,Pending
596,700,88,9,22,20,0.0,8/1/2023,Credit Card,83.51,Canceled
597,503,19,6,25,36,0.2,8/1/2023,Credit Card,85.62,Canceled
598,302,31,1,56,24,0.4,8/1/2023,Credit Card,37.93,Shipped
599,786,51,9,24,32,0.0,8/1/2023,PayPal,44.46,Shipped
600,285,28,9,57,90,0.0,8/1/2023,PayPal,22.01,Canceled
601,800,88,1,18,36,0.1,8/1/2023,PayPal,97.57,Pending
602,553,4,2,38,60,0.4,8/1/2023,PayPal,71.88,Canceled
603,432,74,9,95,20,0.4,8/1/2023,PayPal,9.34,Canceled
604,890,37,5,54,20,0.4,8/1/2023,Credit Card,83.38,Canceled
605,51,81,1,14,36,0.5,8/1/2023,PayPal,58.26,Shipped
606,576,85,10,77,33,0.4,8/1/2023,Credit Card,43.06,Canceled
607,821,84,1,97,41,0.2,8/1/2023,PayPal,45.23,Canceled
608,847,80,3,86,89,0.3,8/1/2023,Credit Card,35.1,Shipped
609,916,93,10,89,95,0.4,8/1/2023,Credit Card,6.17,Pending
610,747,13,2,55,6,0.4,8/1/2023,Credit Card,24.95,Canceled
611,541,78,1,80,37,0.0,8/1/2023,Credit Card,64.88,Pending
612,422,37,9,38,32,0.4,8/1/2023,Credit Card,7.11,Shipped
613,280,36,8,21,41,0.4,8/1/2023,Credit Card,21.35,Shipped
614,335,84,2,17,11,0.4,8/1/2023,PayPal,66.98,Pending
615,714,25,10,7,76,0.1,8/1/2023,PayPal,89.99,Canceled
616,187,1,2,46,16,0.3,8/1/2023,PayPal,80.76,Pending
617,502,97,2,93,58,0.4,8/1/2023,PayPal,37.0,Pending
618,746,29,2,94,63,0.4,8/1/2023,PayPal,41.76,Canceled
619,127,30,5,95,46,0.2,8/1/2023,Credit Card,88.82,Canceled
620,776,58,9,61,25,0.0,8/1/2023,Credit Card,87.54,Canceled
621,146,53,2,44,85,0.3,8/1/2023,Credit Card,7.89,Canceled
622,606,61,10,23,12,0.5,8/1/2023,PayPal,56.69,Shipped
623,710,18,2,86,73,0.0,8/1/2023,PayPal,25.62,Canceled
624,779,83,8,6,88,0.1,8/1/2023,Credit Card,32.12,Pending
625,488,60,2,32,55,0.5,8/1/2023,Credit Card,17.58,Pending
626,697,11,1,79,50,0.1,8/1/2023,PayPal,72.35,Shipped
627,312,14,3,51,56,0.1,8/1/2023,Credit Card,13.43,Canceled
628,890,3,6,11,89,0.0,8/1/2023,Credit Card,55.89,Pending
629,310,62,9,73,88,0.5,8/1/2023,PayPal,57.3,Shipped
630,501,62,3,78,59,0.5,8/1/2023,Credit Card,11.32,Shipped
631,527,94,1,99,12,0.2,8/1/2023,PayPal,41.04,Shipped
632,449,42,10,74,97,0.2,8/1/2023,Credit Card,39.53,Canceled
633,387,60,1,12,97,0.5,8/1/2023,Credit Card,60.72,Shipped
634,291,52,7,87,58,0.3,8/1/2023,PayPal,34.73,Pending
635,522,35,8,50,26,0.4,8/1/2023,PayPal,46.03,Canceled
636,930,7,8,22,68,0.0,8/1/2023,Credit Card,31.88,Canceled
637,95,76,1,4,7,0.2,8/1/2023,PayPal,5.99,Canceled
638,29,54,2,3,4,0.4,8/1/2023,PayPal,49.96,Canceled
639,383,91,9,45,71,0.4,8/1/2023,PayPal,54.05,Shipped
640,467,18,9,94,68,0.4,8/1/2023,PayPal,87.48,Pending
641,747,20,1,9,74,0.5,8/1/2023,Credit Card,92.93,Shipped
642,29,47,3,77,21,0.2,8/1/2023,PayPal,8.53,Pending
643,901,10,2,26,45,0.2,8/1/2023,Credit Card,52.01,Canceled
644,236,58,4,37,46,0.5,8/1/2023,Credit Card,5.66,Pending
645,563,26,3,54,75,0.2,8/1/2023,Credit Card,93.61,Pending
646,127,52,9,20,16,0.4,8/1/2023,Credit Card,79.17,Pending
647,902,26,3,73,33,0.3,8/1/2023,PayPal,83.52,Canceled
648,817,74,7,60,74,0.5,8/1/2023,Credit Card,11.87,Canceled
649,77,49,2,51,42,0.1,8/1/2023,PayPal,15.76,Pending
650,638,60,6,3,2,0.5,8/1/2023,Credit Card,34.9,Canceled
651,220,43,8,61,70,0.5,8/1/2023,Credit Card,23.0,Canceled
652,807,85,5,75,33,0.3,8/1/2023,PayPal,22.84,Canceled
653,262,39,3,69,59,0.1,8/1/2023,Credit Card,38.66,Canceled
654,216,33,2,64,7,0.0,8/1/2023,Credit Card,27.49,Pending
655,205,78,8,78,4,0.0,8/1/2023,Credit Card,55.54,Shipped
656,101,64,7,13,88,0.3,8/1/2023,PayPal,6.39,Canceled
657,320,56,9,8,63,0.3,8/1/2023,Credit Card,61.86,Pending
658,349,11,10,20,72,0.1,8/1/2023,Credit Card,15.0,Shipped
659,447,51,5,44,44,0.5,8/1/2023,Credit Card,26.64,Shipped
660,810,70,1,65,77,0.3,8/1/2023,Credit Card,12.34,Pending
661,512,67,7,62,69,0.5,8/1/2023,PayPal,77.47,Canceled
662,516,23,8,33,77,0.4,8/1/2023,Credit Card,29.04,Shipped
663,851,66,2,73,34,0.2,8/1/2023,PayPal,53.62,Pending
664,566,2,10,65,89,0.1,8/1/2023,PayPal,78.13,Pending
665,241,49,5,77,23,0.4,8/1/2023,PayPal,14.21,Canceled
666,672,50,5,3,19,0.2,8/1/2023,PayPal,48.92,Shipped
667,686,12,5,78,13,0.0,8/1/2023,PayPal,96.75,Pending
668,833,43,10,96,54,0.4,8/1/2023,PayPal,44.74,Canceled
669,902,16,4,48,73,0.3,8/1/2023,PayPal,29.94,Canceled
670,251,90,10,3,70,0.4,8/1/2023,Credit Card,17.2,Pending
671,599,68,10,39,70,0.2,8/1/2023,Credit Card,55.99,Shipped
672,828,20,9,70,1,0.3,8/1/2023,Credit Card,3.3,Pending
673,248,28,2,83,61,0.3,8/1/2023,PayPal,12.1,Pending
674,33,51,10,64,8,0.1,8/1/2023,Credit Card,48.69,Canceled
675,687,19,3,32,96,0.0,8/1/2023,Credit Card,47.56,Canceled
676,146,69,10,84,22,0.3,8/1/2023,Credit Card,49.45,Shipped
677,150,67,3,26,58,0.5,8/1/2023,PayPal,42.01,Pending
678,647,67,5,95,91,0.3,8/1/2023,Credit Card,27.96,Pending
679,257,46,2,71,77,0.5,8/1/2023,PayPal,73.22,Canceled
680,395,30,3,64,27,0.4,8/1/2023,PayPal,25.51,Pending
681,951,69,10,97,9,0.4,8/1/2023,Credit Card,7.55,Canceled
682,437,79,4,21,92,0.4,8/1/2023,PayPal,51.93,Canceled
683,524,65,2,22,24,0.4,8/1/2023,PayPal,90.02,Pending
684,751,57,1,51,82,0.4,8/1/2023,Credit Card,55.79,Pending
685,308,14,2,16,70,0.0,8/1/2023,PayPal,15.0,Pending
686,231,28,10,32,67,0.4,8/1/2023,PayPal,62.34,Shipped
687,510,47,5,47,17,0.2,8/1/2023,Credit Card,47.81,Pending
688,767,45,1,50,56,0.2,8/1/2023,Credit Card,97.7,Canceled
689,352,89,6,59,62,0.1,8/1/2023,PayPal,77.9,Pending
690,108,70,8,71,52,0.5,8/1/2023,Credit Card,28.8,Canceled
691,45,73,2,1,86,0.4,8/1/2023,PayPal,43.75,Pending
692,772,23,7,32,91,0.1,8/1/2023,Credit Card,10.77,Canceled
693,271,79,7,98,13,0.4,8/1/2023,Credit Card,18.21,Shipped
694,504,93,4,11,38,0.1,8/1/2023,PayPal,65.83,Pending
695,458,36,5,1,11,0.0,8/1/2023,PayPal,4.45,Shipped
696,54,86,8,62,1,0.2,8/1/2023,PayPal,98.43,Shipped
697,109,6,1,89,93,0.1,8/1/2023,PayPal,8.47,Shipped
698,731,19,6,63,45,0.5,8/1/2023,PayPal,41.95,Shipped
699,506,53,6,99,86,0.1,8/1/2023,PayPal,65.81,Shipped
700,875,81,10,77,10,0.0,8/1/2023,PayPal,60.26,Pending
701,379,92,10,68,3,0.3,8/1/2023,PayPal,85.08,Pending
702,607,34,5,6,11,0.4,8/1/2023,Credit Card,62.0,Pending
703,670,61,6,28,64,0.3,8/1/2023,PayPal,4.72,Canceled
704,792,46,4,72,88,0.1,8/1/2023,Credit Card,89.19,Pending
705,91,94,1,43,43,0.3,8/1/2023,Credit Card,14.37,Pending
706,95,60,1,15,79,0.3,8/1/2023,Credit Card,2.34,Canceled
707,960,32,6,54,33,0.3,8/1/2023,PayPal,12.65,Canceled
708,658,67,9,85,2,0.2,8/1/2023,Credit Card,66.97,Canceled
709,189,3,4,39,90,0.2,8/1/2023,Credit Card,15.25,Pending
710,508,13,8,94,66,0.3,8/1/2023,PayPal,72.17,Shipped
711,751,30,6,87,15,0.3,8/1/2023,Credit Card,15.08,Pending
712,450,97,1,18,53,0.4,8/1/2023,Credit Card,61.55,Pending
713,179,15,3,18,99,0.3,8/1/2023,PayPal,95.99,Canceled
714,645,84,6,19,87,0.3,8/1/2023,PayPal,96.59,Pending
715,196,67,4,43,60,0.4,8/1/2023,Credit Card,24.67,Pending
716,240,24,3,68,99,0.3,8/1/2023,Credit Card,92.27,Shipped
717,764,63,5,17,17,0.2,8/1/2023,Credit Card,34.05,Shipped
718,50,35,3,94,44,0.1,8/1/2023,Credit Card,49.67,Pending
719,861,65,2,77,96,0.4,8/1/2023,Credit Card,47.58,Shipped
720,725,49,4,95,48,0.2,8/1/2023,PayPal,38.12,Shipped
721,354,43,9,74,53,0.4,8/1/2023,PayPal,11.09,Canceled
722,378,14,6,44,78,0.4,8/1/2023,PayPal,83.18,Pending
723,794,42,9,61,97,0.4,8/1/2023,PayPal,95.11,Shipped
724,790,13,3,41,33,0.2,8/1/2023,Credit Card,93.21,Shipped
725,385,46,4,39,35,0.0,8/1/2023,PayPal,53.52,Pending
726,607,8,5,100,1,0.3,8/1/2023,PayPal,8.28,Pending
727,196,74,9,97,77,0.2,8/1/2023,PayPal,22.36,Shipped
728,113,74,5,86,16,0.1,8/1/2023,PayPal,62.38,Canceled
729,384,42,8,75,63,0.4,8/1/2023,Credit Card,74.89,Pending
730,886,78,1,83,98,0.1,8/1/2023,Credit Card,51.12,Pending
731,781,20,2,44,55,0.2,8/1/2023,Credit Card,62.07,Canceled
732,261,65,3,97,72,0.0,8/1/2023,PayPal,43.99,Canceled
733,799,82,8,97,30,0.0,8/1/2023,Credit Card,33.52,Pending
734,278,1,10,81,64,0.4,8/1/2023,Credit Card,33.56,Canceled
735,602,63,9,66,100,0.4,8/1/2023,PayPal,24.56,Canceled
736,55,40,9,57,99,0.0,8/1/2023,Credit Card,43.59,Pending
737,313,90,4,11,68,0.4,8/1/2023,PayPal,85.67,Canceled
738,986,80,7,88,66,0.4,8/1/2023,PayPal,18.26,Pending
739,101,26,8,62,35,0.3,8/1/2023,PayPal,26.12,Canceled
740,72,88,7,69,89,0.2,8/1/2023,Credit Card,24.33,Canceled
741,994,42,5,56,90,0.1,8/1/2023,PayPal,93.34,Canceled
742,772,1,6,17,21,0.2,8/1/2023,PayPal,69.07,Shipped
743,775,58,9,50,43,0.2,8/1/2023,PayPal,43.09,Canceled
744,731,79,10,73,72,0.0,8/1/2023,PayPal,71.99,Shipped
745,140,66,10,53,30,0.4,8/1/2023,PayPal,10.78,Shipped
746,952,62,1,14,26,0.1,8/1/2023,PayPal,28.15,Shipped
747,659,97,2,74,49,0.4,8/1/2023,Credit Card,29.65,Pending
748,915,6,7,16,32,0.1,8/1/2023,Credit Card,88.93,Shipped
749,286,99,4,3,33,0.3,8/1/2023,Credit Card,37.48,Shipped
750,387,74,7,79,26,0.1,8/1/2023,PayPal,34.63,Canceled
751,959,53,7,34,77,0.4,8/1/2023,Credit Card,84.27,Shipped
752,193,29,9,64,84,0.1,8/1/2023,PayPal,4.24,Shipped
753,982,5,4,70,57,0.2,8/1/2023,PayPal,93.33,Pending
754,521,99,5,67,80,0.5,8/1/2023,PayPal,37.08,Canceled
755,15,95,10,38,56,0.1,8/1/2023,PayPal,16.37,Shipped
756,424,100,3,88,71,0.3,8/1/2023,Credit Card,58.87,Pending
757,524,33,4,70,55,0.4,8/1/2023,PayPal,38.04,Shipped
758,268,46,3,61,77,0.5,8/1/2023,Credit Card,14.39,Shipped
759,593,80,1,72,78,0.5,8/1/2023,Credit Card,31.54,Pending
760,479,88,2,78,3,0.3,8/1/2023,Credit Card,60.66,Shipped
761,82,99,4,42,71,0.3,8/1/2023,PayPal,80.44,Shipped
762,751,39,4,4,90,0.2,8/1/2023,Credit Card,27.66,Shipped
763,5,58,8,10,11,0.2,8/1/2023,PayPal,69.15,Canceled
764,330,13,7,77,7,0.1,8/1/2023,Credit Card,25.72,Shipped
765,514,89,8,38,39,0.1,8/1/2023,PayPal,80.15,Canceled
766,98,12,7,60,21,0.4,8/1/2023,Credit Card,71.03,Pending
767,618,88,2,77,2,0.4,8/1/2023,Credit Card,7.65,Shipped
768,701,10,4,26,93,0.1,8/1/2023,PayPal,29.27,Pending
769,993,11,2,78,32,0.5,8/1/2023,PayPal,96.33,Shipped
770,208,80,3,18,42,0.4,8/1/2023,PayPal,61.34,Pending
771,510,27,4,23,48,0.3,8/1/2023,Credit Card,92.49,Canceled
772,16,31,2,15,34,0.0,8/1/2023,PayPal,11.23,Shipped
773,292,20,10,6,77,0.1,8/1/2023,Credit Card,29.25,Pending
774,811,76,5,3,19,0.1,8/1/2023,PayPal,18.48,Canceled
775,883,49,2,36,97,0.5,8/1/2023,Credit Card,57.09,Shipped
776,998,3,9,48,42,0.4,8/1/2023,Credit Card,12.87,Pending
777,717,47,1,27,99,0.3,8/1/2023,PayPal,85.99,Shipped
778,117,12,2,75,18,0.1,8/1/2023,PayPal,28.52,Canceled
779,660,9,4,4,82,0.0,8/1/2023,PayPal,1.62,Shipped
780,948,68,7,76,42,0.3,8/1/2023,PayPal,11.89,Pending
781,354,49,3,24,33,0.3,8/1/2023,PayPal,96.9,Shipped
782,417,54,7,49,18,0.3,8/1/2023,Credit Card,72.27,Canceled
783,901,80,4,47,56,0.5,8/1/2023,PayPal,34.35,Canceled
784,735,92,3,16,21,0.0,8/1/2023,PayPal,19.24,Shipped
785,932,73,4,82,5,0.0,8/1/2023,Credit Card,14.35,Pending
786,637,95,9,16,6,0.4,8/1/2023,PayPal,16.89,Canceled
787,385,48,4,51,7,0.1,8/1/2023,PayPal,52.37,Shipped
788,910,63,4,93,51,0.3,8/1/2023,Credit Card,73.38,Canceled
789,627,86,7,28,100,0.5,8/1/2023,Credit Card,40.21,Pending
790,524,29,9,61,53,0.2,8/1/2023,PayPal,9.81,Pending
791,182,65,8,5,49,0.4,8/1/2023,PayPal,65.3,Canceled
792,472,81,3,90,36,0.4,8/1/2023,Credit Card,93.92,Canceled
793,843,89,1,13,77,0.5,8/1/2023,PayPal,5.34,Shipped
794,545,6,2,71,77,0.0,8/1/2023,PayPal,47.13,Shipped
795,116,100,6,82,90,0.3,8/1/2023,Credit Card,86.8,Canceled
796,977,18,7,5,57,0.3,8/1/2023,PayPal,48.66,Shipped
797,364,69,1,17,88,0.4,8/1/2023,PayPal,13.53,Pending
798,597,87,3,11,10,0.4,8/1/2023,PayPal,60.61,Canceled
799,91,56,10,72,99,0.0,8/1/2023,Credit Card,41.86,Shipped
800,97,82,3,65,27,0.3,8/1/2023,Credit Card,70.61,Pending
801,684,43,5,21,67,0.1,8/1/2023,PayPal,10.91,Canceled
802,790,72,3,84,29,0.5,8/1/2023,PayPal,64.15,Pending
803,349,11,5,88,44,0.2,8/1/2023,PayPal,55.16,Pending
804,21,52,3,68,65,0.3,8/1/2023,PayPal,1.18,Shipped
805,390,85,9,38,59,0.4,8/1/2023,PayPal,76.41,Canceled
806,586,16,1,72,83,0.1,8/1/2023,PayPal,50.22,Shipped
807,329,87,6,79,15,0.2,8/1/2023,Credit Card,2.4,Pending
808,591,55,3,99,24,0.4,8/1/2023,PayPal,65.89,Pending
809,795,92,9,78,71,0.2,8/1/2023,Credit Card,57.07,Shipped
810,713,15,4,19,4,0.3,8/1/2023,Credit Card,87.32,Canceled
811,934,6,1,49,23,0.1,8/1/2023,PayPal,99.41,Canceled
812,578,91,2,47,71,0.2,8/1/2023,PayPal,38.96,Pending
813,841,26,3,24,44,0.4,8/1/2023,Credit Card,99.79,Canceled
814,809,74,9,30,28,0.0,8/1/2023,Credit Card,92.25,Pending
815,656,23,6,47,26,0.4,8/1/2023,PayPal,32.71,Canceled
816,969,67,2,66,92,0.1,8/1/2023,Credit Card,65.42,Canceled
817,863,56,1,29,80,0.2,8/1/2023,Credit Card,32.33,Canceled
818,562,8,6,85,14,0.3,8/1/2023,Credit Card,23.74,Shipped
819,562,96,3,46,40,0.2,8/1/2023,Credit Card,89.22,Canceled
820,653,77,4,98,75,0.1,8/1/2023,Credit Card,95.56,Pending
821,878,36,1,91,74,0.2,8/1/2023,PayPal,7.38,Pending
822,815,24,10,10,21,0.2,8/1/2023,Credit Card,9.73,Shipped
823,427,18,4,92,2,0.1,8/1/2023,PayPal,6.79,Shipped
824,846,93,1,25,98,0.0,8/1/2023,PayPal,36.11,Pending
825,904,72,2,70,75,0.5,8/1/2023,Credit Card,68.74,Pending
826,563,8,1,26,8,0.0,8/1/2023,PayPal,26.56,Shipped
827,252,1,5,67,56,0.3,8/1/2023,PayPal,48.66,Pending
828,574,62,4,85,64,0.0,8/1/2023,PayPal,98.48,Pending
829,226,64,3,68,46,0.2,8/1/2023,PayPal,33.95,Shipped
830,805,68,6,50,61,0.4,8/1/2023,Credit Card,77.78,Canceled
831,253,22,10,35,27,0.3,8/1/2023,Credit Card,51.34,Pending
832,857,91,10,3,25,0.4,8/1/2023,PayPal,43.53,Shipped
833,236,69,1,92,6,0.4,8/1/2023,Credit Card,23.03,Pending
834,104,55,7,99,7,0.3,8/1/2023,Credit Card,31.7,Pending
835,771,21,9,79,20,0.3,8/1/2023,Credit Card,70.35,Pending
836,768,93,6,45,50,0.0,8/1/2023,Credit Card,14.2,Canceled
837,953,21,1,19,100,0.3,8/1/2023,Credit Card,15.66,Pending
838,971,79,9,74,15,0.3,8/1/2023,Credit Card,9.02,Shipped
839,146,77,3,9,25,0.0,8/1/2023,Credit Card,5.79,Pending
840,364,98,10,1,69,0.2,8/1/2023,PayPal,76.31,Shipped
841,480,79,5,75,3,0.3,8/1/2023,PayPal,15.05,Pending
842,339,48,7,86,41,0.0,8/1/2023,Credit Card,1.47,Canceled
843,875,79,4,46,12,0.4,8/1/2023,Credit Card,98.04,Pending
844,776,34,8,20,75,0.2,8/1/2023,Credit Card,63.77,Pending
845,309,72,10,55,5,0.5,8/1/2023,PayPal,37.67,Pending
846,194,31,3,4,86,0.2,8/1/2023,PayPal,7.44,Pending
847,330,20,3,97,89,0.1,8/1/2023,PayPal,51.51,Canceled
848,949,52,8,3,41,0.1,8/1/2023,PayPal,76.29,Canceled
849,459,28,5,89,99,0.0,8/1/2023,PayPal,95.22,Shipped
850,139,18,6,42,86,0.4,8/1/2023,PayPal,19.33,Pending
851,550,85,2,24,52,0.4,8/1/2023,PayPal,29.0,Pending
852,65,49,6,49,24,0.2,8/1/2023,PayPal,52.04,Canceled
853,914,26,6,7,23,0.4,8/1/2023,PayPal,59.83,Shipped
854,621,66,1,18,97,0.0,8/1/2023,Credit Card,17.26,Shipped
855,728,34,5,81,9,0.2,8/1/2023,Credit Card,51.04,Canceled
856,760,54,7,51,43,0.0,8/1/2023,PayPal,71.99,Shipped
857,616,94,7,52,79,0.3,8/1/2023,PayPal,20.49,Shipped
858,654,56,2,90,52,0.0,8/1/2023,Credit Card,13.97,Pending
859,895,44,8,52,84,0.0,8/1/2023,PayPal,29.23,Canceled
860,330,13,7,58,10,0.2,8/1/2023,PayPal,17.35,Canceled
861,419,31,7,90,75,0.1,8/1/2023,Credit Card,71.35,Canceled
862,562,26,4,39,76,0.1,8/1/2023,PayPal,29.81,Pending
863,916,42,4,24,43,0.1,8/1/2023,Credit Card,31.21,Pending
864,950,94,1,13,90,0.3,8/1/2023,PayPal,87.71,Shipped
865,605,13,5,22,31,0.0,8/1/2023,PayPal,78.6,Canceled
866,558,95,8,60,6,0.4,8/1/2023,PayPal,85.41,Shipped
867,962,64,7,49,38,0.4,8/1/2023,Credit Card,27.79,Shipped
868,449,28,9,51,32,0.2,8/1/2023,Credit Card,98.02,Shipped
869,346,35,5,96,78,0.3,8/1/2023,PayPal,44.05,Shipped
870,375,63,3,74,49,0.4,8/1/2023,Credit Card,55.42,Canceled
871,678,31,1,43,63,0.1,8/1/2023,Credit Card,64.3,Pending
872,343,90,10,47,19,0.3,8/1/2023,PayPal,71.6,Shipped
873,96,91,9,6,34,0.0,8/1/2023,PayPal,75.19,Pending
874,131,85,2,6,91,0.2,8/1/2023,Credit Card,54.03,Shipped
875,733,22,3,95,95,0.0,8/1/2023,PayPal,55.26,Shipped
876,282,65,6,12,28,0.3,8/1/2023,PayPal,15.97,Pending
877,420,54,8,57,83,0.4,8/1/2023,Credit Card,77.76,Canceled
878,384,13,10,86,12,0.0,8/1/2023,PayPal,47.42,Pending
879,232,65,7,39,64,0.3,8/1/2023,PayPal,99.79,Canceled
880,592,34,1,79,92,0.3,8/1/2023,PayPal,35.1,Shipped
881,234,25,5,48,89,0.2,8/1/2023,Credit Card,87.6,Canceled
882,827,48,6,7,41,0.4,8/1/2023,PayPal,72.88,Canceled
883,327,10,10,59,57,0.5,8/1/2023,PayPal,49.41,Pending
884,990,77,8,62,16,0.2,8/1/2023,PayPal,19.57,Shipped
885,654,28,9,96,73,0.2,8/1/2023,Credit Card,22.58,Shipped
886,877,29,6,65,67,0.1,8/1/2023,PayPal,17.8,Pending
887,112,19,10,61,31,0.3,8/1/2023,Credit Card,7.86,Shipped
888,366,54,9,78,18,0.4,8/1/2023,Credit Card,95.8,Canceled
889,291,65,6,26,48,0.3,8/1/2023,PayPal,31.68,Canceled
890,976,58,4,78,57,0.3,8/1/2023,Credit Card,78.19,Shipped
891,21,43,1,92,7,0.4,8/1/2023,Credit Card,62.62,Shipped
892,913,76,6,16,16,0.5,8/1/2023,PayPal,48.48,Pending
893,63,73,4,51,45,0.1,8/1/2023,PayPal,86.36,Canceled
894,501,65,3,56,88,0.1,8/1/2023,PayPal,32.8,Pending
895,700,36,1,85,45,0.2,8/1/2023,Credit Card,11.09,Pending
896,635,33,1,1,46,0.2,8/1/2023,PayPal,74.38,Shipped
897,415,81,2,27,53,0.3,8/1/2023,Credit Card,99.37,Pending
898,91,53,4,27,81,0.2,8/1/2023,PayPal,8.1,Shipped
899,458,47,6,50,7,0.4,8/1/2023,PayPal,26.82,Pending
900,588,38,3,10,49,0.1,8/1/2023,Credit Card,79.66,Canceled
901,827,34,10,34,2,0.4,8/1/2023,PayPal,10.72,Shipped
902,85,65,4,22,87,0.2,8/1/2023,PayPal,10.74,Shipped
903,30,15,4,17,81,0.4,8/1/2023,Credit Card,85.81,Pending
904,174,8,5,24,75,0.3,8/1/2023,Credit Card,2.97,Canceled
905,409,100,1,3,54,0.4,8/1/2023,Credit Card,34.41,Canceled
906,213,44,2,75,31,0.3,8/1/2023,PayPal,97.0,Shipped
907,157,37,8,69,78,0.4,8/1/2023,Credit Card,35.74,Shipped
908,454,3,2,64,11,0.3,8/1/2023,PayPal,66.94,Canceled
909,622,73,10,4,76,0.4,8/1/2023,PayPal,93.85,Pending
910,924,30,8,68,63,0.5,8/1/2023,PayPal,33.45,Shipped
911,74,24,4,5,88,0.0,8/1/2023,Credit Card,15.78,Shipped
912,28,90,10,70,37,0.4,8/1/2023,PayPal,62.07,Shipped
913,730,34,1,82,13,0.5,8/1/2023,Credit Card,36.9,Canceled
914,983,35,7,8,4,0.1,8/1/2023,PayPal,96.48,Pending
915,83,58,2,30,38,0.3,8/1/2023,PayPal,31.23,Canceled
916,113,57,9,33,37,0.0,8/1/2023,Credit Card,98.59,Pending
917,159,75,4,88,10,0.4,8/1/2023,Credit Card,14.22,Pending
918,568,81,5,61,1,0.1,8/1/2023,PayPal,54.94,Canceled
919,997,90,5,87,68,0.3,8/1/2023,Credit Card,73.16,Pending
920,496,73,10,14,11,0.3,8/1/2023,Credit Card,32.94,Canceled
921,490,79,8,21,51,0.5,8/1/2023,PayPal,50.76,Canceled
922,285,16,3,45,83,0.4,8/1/2023,PayPal,64.66,Pending
923,631,33,2,16,12,0.3,8/1/2023,Credit Card,25.28,Canceled
924,335,30,1,3,40,0.2,8/1/2023,PayPal,3.25,Pending
925,592,63,7,11,94,0.4,8/1/2023,PayPal,2.89,Shipped
926,271,78,4,28,37,0.4,8/1/2023,Credit Card,62.88,Canceled
927,589,19,2,30,41,0.1,8/1/2023,PayPal,51.8,Canceled
928,551,25,7,25,7,0.1,8/1/2023,Credit Card,30.63,Canceled
929,455,86,8,35,77,0.1,8/1/2023,PayPal,63.36,Shipped
930,277,37,1,41,34,0.1,8/1/2023,Credit Card,93.9,Pending
931,20,7,8,28,19,0.2,8/1/2023,Credit Card,4.05,Canceled
932,532,8,5,74,52,0.0,8/1/2023,Credit Card,1.05,Canceled
933,769,23,6,34,38,0.3,8/1/2023,Credit Card,15.74,Pending
934,137,97,1,83,1,0.5,8/1/2023,PayPal,11.92,Pending
935,388,47,6,12,38,0.2,8/1/2023,PayPal,7.15,Shipped
936,956,31,7,61,56,0.5,8/1/2023,Credit Card,8.94,Shipped
937,781,18,3,26,81,0.1,8/1/2023,PayPal,2.85,Pending
938,341,36,6,88,65,0.0,8/1/2023,PayPal,76.65,Shipped
939,462,15,5,25,38,0.4,8/1/2023,PayPal,2.32,Shipped
940,576,94,7,25,73,0.3,8/1/2023,Credit Card,66.47,Pending
941,655,14,8,6,41,0.0,8/1/2023,Credit Card,62.07,Shipped
942,461,71,8,37,97,0.3,8/1/2023,Credit Card,66.04,Canceled
943,89,47,10,4,23,0.3,8/1/2023,Credit Card,55.34,Pending
944,341,25,1,75,92,0.4,8/1/2023,PayPal,7.23,Canceled
945,559,75,5,73,13,0.2,8/1/2023,PayPal,11.89,Canceled
946,81,43,8,93,15,0.4,8/1/2023,Credit Card,19.37,Canceled
947,645,24,1,70,74,0.1,8/1/2023,Credit Card,1.87,Shipped
948,598,58,5,94,72,0.4,8/1/2023,Credit Card,82.66,Canceled
949,86,81,2,55,30,0.0,8/1/2023,Credit Card,57.04,Shipped
950,196,60,9,96,28,0.2,8/1/2023,Credit Card,63.38,Shipped
951,503,64,2,49,91,0.2,8/1/2023,Credit Card,73.22,Shipped
952,589,37,6,65,76,0.3,8/1/2023,PayPal,67.07,Shipped
953,627,6,2,48,4,0.2,8/1/2023,Credit Card,63.59,Pending
954,636,83,6,18,96,0.0,8/1/2023,PayPal,65.25,Canceled
955,712,95,10,6,81,0.3,8/1/2023,Credit Card,44.8,Canceled
956,533,75,1,26,59,0.4,8/1/2023,PayPal,97.15,Shipped
957,695,42,7,34,77,0.2,8/1/2023,Credit Card,81.54,Pending
958,992,46,3,24,32,0.1,8/1/2023,Credit Card,28.45,Canceled
959,991,90,10,39,31,0.1,8/1/2023,Credit Card,44.41,Shipped
960,94,49,3,31,1,0.5,8/1/2023,PayPal,73.15,Shipped
961,346,87,9,22,28,0.1,8/1/2023,Credit Card,25.86,Pending
962,86,88,7,3,2,0.4,8/1/2023,Credit Card,21.34,Pending
963,197,49,10,96,54,0.3,8/1/2023,Credit Card,12.66,Pending
964,844,95,1,28,68,0.1,8/1/2023,PayPal,85.98,Canceled
965,210,64,8,3,38,0.2,8/1/2023,Credit Card,20.02,Pending
966,872,57,8,84,81,0.5,8/1/2023,PayPal,45.19,Shipped
967,955,79,4,68,27,0.2,8/1/2023,Credit Card,47.32,Canceled
968,267,86,10,3,11,0.5,8/1/2023,PayPal,2.62,Canceled
969,81,85,8,84,56,0.2,8/1/2023,Credit Card,49.5,Shipped
970,491,48,5,38,72,0.1,8/1/2023,Credit Card,47.51,Canceled
971,106,81,6,34,62,0.1,8/1/2023,Credit Card,11.46,Canceled
972,620,59,5,34,75,0.4,8/1/2023,Credit Card,74.99,Pending
973,4,31,3,90,76,0.1,8/1/2023,PayPal,56.22,Pending
974,257,54,5,8,100,0.3,8/1/2023,Credit Card,72.91,Pending
975,761,86,10,7,33,0.1,8/1/2023,Credit Card,68.72,Pending
976,370,25,6,80,69,0.0,8/1/2023,Credit Card,15.11,Shipped
977,702,82,8,43,80,0.5,8/1/2023,PayPal,60.88,Pending
978,424,55,5,58,85,0.0,8/1/2023,Credit Card,38.91,Pending
979,563,16,9,17,74,0.3,8/1/2023,Credit Card,50.24,Pending
980,618,47,7,86,4,0.3,8/1/2023,PayPal,74.08,Pending
981,118,19,10,57,97,0.0,8/1/2023,PayPal,79.13,Canceled
982,614,68,5,79,63,0.4,8/1/2023,PayPal,23.08,Canceled
983,336,96,5,83,12,0.1,8/1/2023,PayPal,80.55,Canceled
984,830,70,3,11,59,0.0,8/1/2023,PayPal,91.17,Canceled
985,587,84,6,95,30,0.3,8/1/2023,PayPal,97.78,Shipped
986,401,34,9,44,51,0.2,8/1/2023,PayPal,87.54,Pending
987,568,27,3,48,14,0.3,8/1/2023,PayPal,68.6,Canceled
988,534,7,10,14,36,0.3,8/1/2023,PayPal,99.37,Canceled
989,193,66,3,61,76,0.2,8/1/2023,Credit Card,20.76,Pending
990,110,98,5,66,49,0.4,8/1/2023,Credit Card,3.02,Pending
991,778,81,10,86,74,0.3,8/1/2023,PayPal,70.33,Pending
992,948,77,3,84,76,0.1,8/1/2023,PayPal,5.32,Pending
993,940,81,10,91,62,0.0,8/1/2023,PayPal,50.98,Shipped
994,391,40,4,17,99,0.1,8/1/2023,PayPal,61.76,Pending
995,568,92,1,15,49,0.0,8/1/2023,Credit Card,56.6,Pending
996,474,38,6,30,26,0.1,8/1/2023,Credit Card,78.27,Canceled
997,166,27,10,4,68,0.0,8/1/2023,Credit Card,39.31,Shipped
998,680,81,9,82,15,0.3,8/1/2023,PayPal,69.79,Canceled
999,50,68,4,5,1,0.4,8/1/2023,Credit Card,84.64,Pending
1000,986,55,8,19,12,0.5,8/1/2023,Credit Card,97.74,Shipped
