product_id,category,brand,price,stock_quantity,rating,created_at,updated_at,supplier_id
1,error: undefined method `first' for nil:NilClass,Realpoint,146.92,966,2.7,9/9/2023,9/24/2023,66
2,error: undefined method `first' for nil:NilClass,Skaboo,444.6,426,2.2,4/22/2023,3/18/2023,27
3,error: undefined method `first' for nil:NilClass,Cogilith,857.88,413,2.6,6/6/2023,5/26/2023,12
4,error: undefined method `first' for nil:NilClass,Snaptags,398.08,85,2.4,3/24/2023,1/22/2023,4
5,error: undefined method `first' for nil:NilClass,Voonte,808.14,106,1.2,3/14/2023,3/2/2023,2
6,error: undefined method `first' for nil:NilClass,Podcat,783.59,380,4.6,8/13/2023,9/2/2023,17
7,error: undefined method `first' for nil:NilClass,Flipbug,338.79,340,4.0,8/3/2023,8/9/2023,2
8,error: undefined method `first' for nil:NilClass,Quatz,541.43,522,1.5,5/7/2023,2/9/2023,16
9,error: undefined method `first' for nil:NilClass,Talane,893.25,650,2.5,6/18/2023,9/21/2023,40
10,error: undefined method `first' for nil:NilClass,Livetube,532.73,265,1.5,4/6/2023,6/16/2023,95
11,error: undefined method `first' for nil:NilClass,Reallinks,269.56,973,2.3,6/25/2023,5/22/2023,83
12,error: undefined method `first' for nil:NilClass,Realfire,294.99,551,3.7,7/3/2023,9/28/2023,20
13,error: undefined method `first' for nil:NilClass,Shufflester,976.39,959,4.9,8/16/2023,4/10/2023,35
14,error: undefined method `first' for nil:NilClass,Meevee,651.66,577,4.4,1/29/2023,10/2/2023,51
15,error: undefined method `first' for nil:NilClass,Youspan,551.42,684,4.4,3/26/2023,6/18/2023,41
16,error: undefined method `first' for nil:NilClass,Voonyx,309.17,340,4.3,5/23/2023,7/13/2023,71
17,error: undefined method `first' for nil:NilClass,Fanoodle,663.47,331,3.0,1/24/2023,7/20/2023,95
18,error: undefined method `first' for nil:NilClass,Babbleblab,771.94,853,3.2,4/17/2023,7/31/2023,41
19,error: undefined method `first' for nil:NilClass,Oyope,931.38,933,1.3,2/18/2023,9/11/2023,50
20,error: undefined method `first' for nil:NilClass,Centidel,50.51,603,3.0,7/31/2023,10/16/2023,73
21,error: undefined method `first' for nil:NilClass,Skyble,294.71,151,2.2,2/1/2023,4/7/2023,64
22,error: undefined method `first' for nil:NilClass,Edgeclub,934.56,420,1.9,5/22/2023,2/20/2023,19
23,error: undefined method `first' for nil:NilClass,Youspan,415.34,864,4.3,9/9/2023,8/14/2023,81
24,error: undefined method `first' for nil:NilClass,Photobean,980.79,907,3.4,6/30/2023,4/10/2023,7
25,error: undefined method `first' for nil:NilClass,Tagtune,834.32,78,2.8,8/9/2023,4/7/2023,9
26,error: undefined method `first' for nil:NilClass,Skidoo,316.03,262,2.2,4/10/2023,8/28/2023,59
27,error: undefined method `first' for nil:NilClass,Roomm,260.96,438,1.3,1/21/2023,3/22/2023,20
28,error: undefined method `first' for nil:NilClass,Skipfire,827.4,656,1.8,9/1/2023,4/5/2023,39
29,error: undefined method `first' for nil:NilClass,Feedfire,296.23,600,2.0,5/10/2023,8/25/2023,29
30,error: undefined method `first' for nil:NilClass,Zava,74.13,117,1.8,4/29/2023,2/12/2023,32
31,error: undefined method `first' for nil:NilClass,Skilith,544.6,582,4.7,4/4/2023,8/24/2023,39
32,error: undefined method `first' for nil:NilClass,Meemm,449.14,897,2.6,3/2/2023,1/29/2023,7
33,error: undefined method `first' for nil:NilClass,Wikivu,924.87,96,2.6,2/4/2023,3/21/2023,58
34,error: undefined method `first' for nil:NilClass,Bubbletube,529.92,481,2.8,10/16/2023,3/10/2023,57
35,error: undefined method `first' for nil:NilClass,Pixoboo,713.39,185,4.4,2/24/2023,7/27/2023,15
36,error: undefined method `first' for nil:NilClass,Realcube,439.6,776,3.4,1/11/2023,6/4/2023,87
37,error: undefined method `first' for nil:NilClass,Gabtune,498.77,748,3.8,8/7/2023,1/21/2023,61
38,error: undefined method `first' for nil:NilClass,Skilith,214.51,248,2.1,8/26/2023,7/18/2023,15
39,error: undefined method `first' for nil:NilClass,Tanoodle,131.03,933,3.5,7/14/2023,6/1/2023,5
40,error: undefined method `first' for nil:NilClass,Wordware,939.1,951,2.7,9/29/2023,2/9/2023,83
41,error: undefined method `first' for nil:NilClass,Fadeo,327.72,5,2.6,2/22/2023,2/17/2023,29
42,error: undefined method `first' for nil:NilClass,Zoomdog,30.71,731,1.9,4/12/2023,8/19/2023,93
43,error: undefined method `first' for nil:NilClass,Roomm,166.17,659,2.6,5/29/2023,9/15/2023,73
44,error: undefined method `first' for nil:NilClass,Yoveo,217.89,537,3.5,9/12/2023,7/24/2023,61
45,error: undefined method `first' for nil:NilClass,Jatri,927.33,887,3.8,2/2/2023,6/19/2023,47
46,error: undefined method `first' for nil:NilClass,Voomm,894.24,934,2.1,7/9/2023,7/14/2023,94
47,error: undefined method `first' for nil:NilClass,Yabox,260.58,35,2.8,2/1/2023,4/18/2023,90
48,error: undefined method `first' for nil:NilClass,Photobean,959.88,415,3.9,9/27/2023,2/15/2023,96
49,error: undefined method `first' for nil:NilClass,Flashdog,382.15,668,2.3,3/9/2023,6/8/2023,99
50,error: undefined method `first' for nil:NilClass,Twimbo,732.89,330,4.3,8/18/2023,1/25/2023,78
51,error: undefined method `first' for nil:NilClass,Feedbug,224.72,983,3.2,9/23/2023,6/29/2023,55
52,error: undefined method `first' for nil:NilClass,Meevee,143.38,407,2.1,6/5/2023,4/17/2023,9
53,error: undefined method `first' for nil:NilClass,Photofeed,883.03,596,4.4,7/26/2023,8/4/2023,49
54,error: undefined method `first' for nil:NilClass,Zooxo,627.21,429,1.1,5/23/2023,5/27/2023,4
55,error: undefined method `first' for nil:NilClass,Oyope,264.17,366,4.3,6/19/2023,1/5/2023,36
56,error: undefined method `first' for nil:NilClass,Skipfire,913.06,242,3.6,3/21/2023,5/26/2023,56
57,error: undefined method `first' for nil:NilClass,Ooba,504.23,111,2.9,2/12/2023,2/3/2023,31
58,error: undefined method `first' for nil:NilClass,Oozz,571.57,903,3.9,9/13/2023,3/21/2023,43
59,error: undefined method `first' for nil:NilClass,Camimbo,808.8,309,4.6,2/6/2023,4/5/2023,29
60,error: undefined method `first' for nil:NilClass,Yacero,314.63,334,1.1,3/6/2023,7/12/2023,53
61,error: undefined method `first' for nil:NilClass,Zoovu,774.77,995,1.1,1/7/2023,4/1/2023,36
62,error: undefined method `first' for nil:NilClass,Quire,562.24,523,1.6,2/20/2023,4/4/2023,6
63,error: undefined method `first' for nil:NilClass,Buzzbean,610.77,897,3.7,9/15/2023,2/3/2023,88
64,error: undefined method `first' for nil:NilClass,Zoomcast,535.98,286,2.7,4/24/2023,10/2/2023,70
65,error: undefined method `first' for nil:NilClass,Bluezoom,82.03,635,2.2,9/1/2023,10/16/2023,1
66,error: undefined method `first' for nil:NilClass,Twitterwire,870.52,866,4.8,8/25/2023,1/3/2023,18
67,error: undefined method `first' for nil:NilClass,Skibox,581.34,103,1.2,5/13/2023,9/20/2023,90
68,error: undefined method `first' for nil:NilClass,Livepath,238.73,876,3.9,2/20/2023,9/6/2023,18
69,error: undefined method `first' for nil:NilClass,Voonyx,80.18,163,5.0,7/13/2023,5/15/2023,80
70,error: undefined method `first' for nil:NilClass,Miboo,195.53,314,3.7,5/15/2023,2/18/2023,14
71,error: undefined method `first' for nil:NilClass,Kimia,37.59,985,2.4,7/13/2023,8/22/2023,62
72,error: undefined method `first' for nil:NilClass,Roodel,231.33,403,1.1,4/29/2023,2/5/2023,7
73,error: undefined method `first' for nil:NilClass,Plambee,580.43,563,3.4,1/31/2023,5/30/2023,80
74,error: undefined method `first' for nil:NilClass,Wikizz,701.23,538,4.7,6/7/2023,7/12/2023,95
75,error: undefined method `first' for nil:NilClass,Centizu,159.43,448,2.2,2/22/2023,9/12/2023,69
76,error: undefined method `first' for nil:NilClass,Kwinu,206.59,235,4.1,9/17/2023,1/10/2023,52
77,error: undefined method `first' for nil:NilClass,Skiptube,558.8,274,3.1,1/13/2023,2/5/2023,9
78,error: undefined method `first' for nil:NilClass,Linkbuzz,11.28,733,4.5,4/1/2023,2/2/2023,6
79,error: undefined method `first' for nil:NilClass,Devify,87.33,395,2.4,10/10/2023,6/18/2023,60
80,error: undefined method `first' for nil:NilClass,Fiveclub,225.0,405,4.7,3/2/2023,8/20/2023,2
81,error: undefined method `first' for nil:NilClass,Photojam,541.21,612,1.9,2/17/2023,3/8/2023,96
82,error: undefined method `first' for nil:NilClass,Avamba,770.93,364,1.2,8/9/2023,6/18/2023,15
83,error: undefined method `first' for nil:NilClass,Agimba,204.85,634,2.5,5/30/2023,10/15/2023,93
84,error: undefined method `first' for nil:NilClass,Gigashots,241.5,311,4.5,6/7/2023,9/1/2023,17
85,error: undefined method `first' for nil:NilClass,Camimbo,904.6,728,1.5,4/14/2023,2/4/2023,96
86,error: undefined method `first' for nil:NilClass,Photofeed,975.78,934,3.5,9/29/2023,3/26/2023,37
87,error: undefined method `first' for nil:NilClass,Devpulse,77.88,542,3.3,6/13/2023,8/29/2023,98
88,error: undefined method `first' for nil:NilClass,Tagpad,561.88,384,2.6,4/19/2023,4/1/2023,2
89,error: undefined method `first' for nil:NilClass,Edgeblab,463.98,660,1.9,2/22/2023,9/3/2023,72
90,error: undefined method `first' for nil:NilClass,Blogpad,237.77,10,1.8,9/10/2023,4/4/2023,6
91,error: undefined method `first' for nil:NilClass,Meevee,273.44,222,4.6,1/4/2023,10/2/2023,57
92,error: undefined method `first' for nil:NilClass,Tanoodle,362.28,621,1.5,1/18/2023,9/28/2023,20
93,error: undefined method `first' for nil:NilClass,Yodel,186.57,810,1.2,9/1/2023,4/6/2023,41
94,error: undefined method `first' for nil:NilClass,Katz,317.12,397,2.8,8/20/2023,7/23/2023,87
95,error: undefined method `first' for nil:NilClass,Zoomlounge,680.49,921,4.6,7/10/2023,2/3/2023,99
96,error: undefined method `first' for nil:NilClass,Shuffledrive,898.62,786,3.4,8/21/2023,1/9/2023,37
97,error: undefined method `first' for nil:NilClass,Photobean,81.54,903,4.9,2/6/2023,3/18/2023,85
98,error: undefined method `first' for nil:NilClass,Zava,777.59,601,1.2,3/23/2023,5/6/2023,93
99,error: undefined method `first' for nil:NilClass,Abata,418.53,406,1.3,7/29/2023,1/26/2023,57
100,error: undefined method `first' for nil:NilClass,Meezzy,270.5,104,4.5,9/16/2023,9/2/2023,90
101,error: undefined method `first' for nil:NilClass,Babbleblab,870.67,565,4.6,1/26/2023,8/3/2023,74
102,error: undefined method `first' for nil:NilClass,Quatz,143.94,916,2.5,6/6/2023,9/27/2023,25
103,error: undefined method `first' for nil:NilClass,Skajo,374.2,237,3.7,5/29/2023,4/5/2023,9
104,error: undefined method `first' for nil:NilClass,Eayo,458.55,182,4.8,9/12/2023,8/21/2023,33
105,error: undefined method `first' for nil:NilClass,Twitterbeat,391.38,815,3.4,1/2/2023,5/1/2023,9
106,error: undefined method `first' for nil:NilClass,Kwideo,517.54,29,1.7,8/8/2023,4/29/2023,82
107,error: undefined method `first' for nil:NilClass,Meedoo,619.62,188,1.9,6/17/2023,8/19/2023,40
108,error: undefined method `first' for nil:NilClass,Fanoodle,346.97,535,4.1,2/18/2023,3/6/2023,66
109,error: undefined method `first' for nil:NilClass,Zoovu,996.36,98,2.9,7/6/2023,10/14/2023,48
110,error: undefined method `first' for nil:NilClass,Edgeify,740.97,348,3.7,1/10/2023,6/17/2023,93
111,error: undefined method `first' for nil:NilClass,Wikibox,634.48,865,3.0,6/5/2023,2/26/2023,67
112,error: undefined method `first' for nil:NilClass,Avavee,589.52,813,4.1,1/18/2023,1/13/2023,12
113,error: undefined method `first' for nil:NilClass,Zoombox,896.73,997,3.8,1/23/2023,4/14/2023,24
114,error: undefined method `first' for nil:NilClass,Fanoodle,101.62,174,2.2,5/30/2023,3/5/2023,32
115,error: undefined method `first' for nil:NilClass,Layo,773.65,981,4.2,2/10/2023,6/3/2023,2
116,error: undefined method `first' for nil:NilClass,Wordtune,856.3,645,2.1,5/22/2023,4/13/2023,84
117,error: undefined method `first' for nil:NilClass,Trilia,253.09,595,4.8,6/22/2023,8/10/2023,79
118,error: undefined method `first' for nil:NilClass,Avaveo,896.53,567,3.5,7/27/2023,4/2/2023,50
119,error: undefined method `first' for nil:NilClass,Avamba,208.8,795,1.1,3/29/2023,3/13/2023,14
120,error: undefined method `first' for nil:NilClass,Viva,54.14,834,3.1,8/4/2023,3/22/2023,61
121,error: undefined method `first' for nil:NilClass,Twimbo,636.99,229,3.6,7/12/2023,1/27/2023,7
122,error: undefined method `first' for nil:NilClass,Kare,503.93,632,4.7,7/12/2023,8/20/2023,34
123,error: undefined method `first' for nil:NilClass,Blogtags,367.21,865,3.3,3/31/2023,7/3/2023,51
124,error: undefined method `first' for nil:NilClass,Jetwire,166.64,183,2.5,1/5/2023,4/22/2023,26
125,error: undefined method `first' for nil:NilClass,Zava,60.43,543,4.2,6/2/2023,6/7/2023,96
126,error: undefined method `first' for nil:NilClass,Chatterbridge,896.16,519,1.8,2/25/2023,9/2/2023,80
127,error: undefined method `first' for nil:NilClass,Jabberbean,231.29,928,3.0,1/24/2023,4/21/2023,92
128,error: undefined method `first' for nil:NilClass,Brightdog,9.17,919,4.7,3/23/2023,5/16/2023,21
129,error: undefined method `first' for nil:NilClass,Photobean,938.79,890,3.6,4/22/2023,8/2/2023,81
130,error: undefined method `first' for nil:NilClass,Youopia,376.79,525,2.4,9/10/2023,2/5/2023,61
131,error: undefined method `first' for nil:NilClass,Shufflester,56.36,602,4.5,4/30/2023,8/5/2023,98
132,error: undefined method `first' for nil:NilClass,Plajo,694.17,808,4.1,4/15/2023,3/27/2023,20
133,error: undefined method `first' for nil:NilClass,Photospace,268.77,897,2.9,5/15/2023,7/4/2023,65
134,error: undefined method `first' for nil:NilClass,Rhyzio,626.54,294,4.9,8/11/2023,3/2/2023,37
135,error: undefined method `first' for nil:NilClass,Devbug,492.19,239,3.0,7/20/2023,7/31/2023,59
136,error: undefined method `first' for nil:NilClass,Eidel,785.1,583,4.4,4/25/2023,6/11/2023,5
137,error: undefined method `first' for nil:NilClass,Vimbo,684.92,970,2.4,6/9/2023,4/9/2023,2
138,error: undefined method `first' for nil:NilClass,Wikido,544.89,118,2.7,3/7/2023,9/19/2023,77
139,error: undefined method `first' for nil:NilClass,Mymm,450.79,475,4.5,7/12/2023,8/18/2023,21
140,error: undefined method `first' for nil:NilClass,Babbleblab,91.99,335,4.3,2/27/2023,10/8/2023,41
141,error: undefined method `first' for nil:NilClass,Aibox,796.58,600,3.8,3/13/2023,7/1/2023,5
142,error: undefined method `first' for nil:NilClass,Thoughtworks,170.39,184,2.5,8/13/2023,6/12/2023,17
143,error: undefined method `first' for nil:NilClass,Mymm,281.89,242,1.5,4/13/2023,5/30/2023,31
144,error: undefined method `first' for nil:NilClass,Centizu,565.52,560,2.6,5/6/2023,6/20/2023,14
145,error: undefined method `first' for nil:NilClass,Leexo,661.97,610,3.4,4/11/2023,2/3/2023,67
146,error: undefined method `first' for nil:NilClass,Ntags,589.83,840,5.0,9/3/2023,8/12/2023,4
147,error: undefined method `first' for nil:NilClass,Twitterwire,94.59,367,1.1,9/15/2023,7/16/2023,38
148,error: undefined method `first' for nil:NilClass,Jazzy,308.19,850,4.8,3/21/2023,5/2/2023,73
149,error: undefined method `first' for nil:NilClass,Jaxnation,969.84,496,2.7,6/14/2023,6/12/2023,84
150,error: undefined method `first' for nil:NilClass,Minyx,467.52,413,1.3,3/8/2023,6/22/2023,6
151,error: undefined method `first' for nil:NilClass,Gabtune,614.52,476,3.4,1/2/2023,7/22/2023,86
152,error: undefined method `first' for nil:NilClass,Divape,329.08,486,3.5,5/20/2023,4/1/2023,91
153,error: undefined method `first' for nil:NilClass,Izio,200.0,972,3.3,10/6/2023,7/3/2023,1
154,error: undefined method `first' for nil:NilClass,Browsetype,178.07,953,2.9,2/7/2023,5/21/2023,7
155,error: undefined method `first' for nil:NilClass,Meezzy,400.42,412,1.6,4/25/2023,7/20/2023,67
156,error: undefined method `first' for nil:NilClass,Blognation,509.77,369,3.1,4/24/2023,9/21/2023,98
157,error: undefined method `first' for nil:NilClass,Rhyloo,835.95,643,2.3,4/30/2023,9/13/2023,92
158,error: undefined method `first' for nil:NilClass,Dabjam,800.49,134,3.5,1/29/2023,10/11/2023,78
159,error: undefined method `first' for nil:NilClass,Ozu,538.49,29,4.1,1/1/2023,8/13/2023,77
160,error: undefined method `first' for nil:NilClass,Agivu,181.08,810,2.5,4/6/2023,5/31/2023,39
161,error: undefined method `first' for nil:NilClass,Edgeify,798.06,155,4.4,3/7/2023,5/22/2023,18
162,error: undefined method `first' for nil:NilClass,Omba,423.87,132,1.4,6/2/2023,3/26/2023,93
163,error: undefined method `first' for nil:NilClass,Ailane,694.52,48,1.3,2/17/2023,7/26/2023,73
164,error: undefined method `first' for nil:NilClass,Thoughtworks,367.93,991,1.1,5/21/2023,4/4/2023,12
165,error: undefined method `first' for nil:NilClass,Photolist,746.54,918,3.5,1/10/2023,8/5/2023,11
166,error: undefined method `first' for nil:NilClass,Jaxspan,937.63,411,1.1,2/16/2023,2/3/2023,86
167,error: undefined method `first' for nil:NilClass,Oyoyo,389.89,957,3.6,2/18/2023,5/4/2023,23
168,error: undefined method `first' for nil:NilClass,Digitube,915.08,488,2.7,3/31/2023,1/30/2023,54
169,error: undefined method `first' for nil:NilClass,Fanoodle,754.45,968,3.1,3/31/2023,8/4/2023,27
170,error: undefined method `first' for nil:NilClass,Innojam,940.85,631,4.8,3/15/2023,1/15/2023,91
171,error: undefined method `first' for nil:NilClass,Jabberbean,185.19,312,3.6,7/6/2023,4/10/2023,75
172,error: undefined method `first' for nil:NilClass,Twitterworks,120.84,942,4.8,1/1/2023,2/9/2023,26
173,error: undefined method `first' for nil:NilClass,Twiyo,141.48,116,1.8,6/7/2023,9/27/2023,39
174,error: undefined method `first' for nil:NilClass,Reallinks,23.91,34,4.9,1/17/2023,5/6/2023,73
175,error: undefined method `first' for nil:NilClass,Kanoodle,898.07,57,3.5,4/25/2023,9/16/2023,23
176,error: undefined method `first' for nil:NilClass,Dynabox,703.97,209,2.0,3/16/2023,1/14/2023,26
177,error: undefined method `first' for nil:NilClass,Myworks,993.45,104,2.8,5/22/2023,8/26/2023,89
178,error: undefined method `first' for nil:NilClass,Skipfire,613.29,621,1.5,5/5/2023,3/19/2023,62
179,error: undefined method `first' for nil:NilClass,Eamia,654.6,224,1.1,5/18/2023,8/5/2023,12
180,error: undefined method `first' for nil:NilClass,Kayveo,474.57,514,2.2,7/11/2023,6/18/2023,5
181,error: undefined method `first' for nil:NilClass,Twitterwire,260.92,531,3.8,4/15/2023,3/22/2023,65
182,error: undefined method `first' for nil:NilClass,Dabvine,554.79,897,2.6,3/9/2023,7/3/2023,16
183,error: undefined method `first' for nil:NilClass,Demizz,400.86,288,3.3,4/1/2023,2/23/2023,80
184,error: undefined method `first' for nil:NilClass,Teklist,955.1,475,3.1,4/2/2023,6/4/2023,46
185,error: undefined method `first' for nil:NilClass,Skajo,192.43,930,1.0,7/5/2023,8/15/2023,87
186,error: undefined method `first' for nil:NilClass,Edgeclub,462.43,416,3.7,1/7/2023,2/21/2023,86
187,error: undefined method `first' for nil:NilClass,Kwilith,896.63,682,3.3,10/13/2023,4/28/2023,65
188,error: undefined method `first' for nil:NilClass,Babbleset,238.66,571,3.5,1/25/2023,3/28/2023,15
189,error: undefined method `first' for nil:NilClass,Divanoodle,848.2,727,3.2,5/27/2023,10/6/2023,8
190,error: undefined method `first' for nil:NilClass,Realbuzz,911.75,478,4.1,7/26/2023,7/23/2023,27
191,error: undefined method `first' for nil:NilClass,Kimia,300.86,698,4.4,4/17/2023,5/20/2023,36
192,error: undefined method `first' for nil:NilClass,Dabvine,81.81,716,2.1,4/28/2023,9/14/2023,18
193,error: undefined method `first' for nil:NilClass,Skidoo,702.37,179,3.4,4/29/2023,6/27/2023,20
194,error: undefined method `first' for nil:NilClass,Oba,300.63,361,2.9,3/31/2023,6/2/2023,37
195,error: undefined method `first' for nil:NilClass,Minyx,885.46,38,3.8,9/26/2023,2/22/2023,50
196,error: undefined method `first' for nil:NilClass,Flipopia,15.07,89,4.3,3/31/2023,1/26/2023,89
197,error: undefined method `first' for nil:NilClass,Brainverse,234.76,3,3.4,6/4/2023,9/1/2023,66
198,error: undefined method `first' for nil:NilClass,Devshare,492.56,183,1.4,8/31/2023,3/9/2023,65
199,error: undefined method `first' for nil:NilClass,Buzzbean,207.54,814,1.8,2/16/2023,6/17/2023,90
200,error: undefined method `first' for nil:NilClass,Youspan,92.25,675,4.9,4/22/2023,7/13/2023,33
201,error: undefined method `first' for nil:NilClass,Tanoodle,949.18,943,2.0,2/11/2023,10/7/2023,21
202,error: undefined method `first' for nil:NilClass,Edgeify,881.91,949,2.2,6/6/2023,2/10/2023,87
203,error: undefined method `first' for nil:NilClass,Viva,132.22,615,2.5,6/25/2023,8/4/2023,90
204,error: undefined method `first' for nil:NilClass,Divavu,319.39,110,1.0,3/14/2023,9/9/2023,78
205,error: undefined method `first' for nil:NilClass,Feednation,118.98,633,2.1,2/26/2023,2/21/2023,11
206,error: undefined method `first' for nil:NilClass,Flipbug,728.96,206,2.5,7/1/2023,4/16/2023,39
207,error: undefined method `first' for nil:NilClass,Wikizz,773.73,511,3.3,5/26/2023,1/25/2023,16
208,error: undefined method `first' for nil:NilClass,Youopia,101.01,8,2.5,7/20/2023,3/4/2023,57
209,error: undefined method `first' for nil:NilClass,Realmix,703.19,521,2.2,3/21/2023,6/30/2023,31
210,error: undefined method `first' for nil:NilClass,Eabox,796.33,14,3.9,10/10/2023,9/30/2023,6
211,error: undefined method `first' for nil:NilClass,Meeveo,294.31,703,4.1,2/9/2023,9/12/2023,64
212,error: undefined method `first' for nil:NilClass,Linkbridge,584.24,606,4.2,8/30/2023,4/14/2023,75
213,error: undefined method `first' for nil:NilClass,Thoughtstorm,167.39,236,4.5,4/5/2023,1/7/2023,49
214,error: undefined method `first' for nil:NilClass,Cogidoo,190.42,817,1.1,1/17/2023,9/28/2023,30
215,error: undefined method `first' for nil:NilClass,Gevee,467.44,756,1.0,5/24/2023,6/4/2023,89
216,error: undefined method `first' for nil:NilClass,Pixope,645.51,712,1.7,1/8/2023,1/22/2023,26
217,error: undefined method `first' for nil:NilClass,Pixope,661.53,775,1.5,4/6/2023,8/23/2023,77
218,error: undefined method `first' for nil:NilClass,Flipbug,756.03,653,4.2,8/16/2023,4/14/2023,41
219,error: undefined method `first' for nil:NilClass,Photofeed,563.37,751,4.2,3/16/2023,8/3/2023,30
220,error: undefined method `first' for nil:NilClass,Flashpoint,275.91,863,4.7,8/31/2023,5/27/2023,73
221,error: undefined method `first' for nil:NilClass,Oyoba,845.63,940,4.6,6/4/2023,9/24/2023,39
222,error: undefined method `first' for nil:NilClass,Skimia,250.36,6,4.4,2/3/2023,4/16/2023,100
223,error: undefined method `first' for nil:NilClass,Cogidoo,159.61,327,1.1,6/17/2023,6/14/2023,41
224,error: undefined method `first' for nil:NilClass,Livefish,796.03,782,4.8,7/7/2023,5/19/2023,10
225,error: undefined method `first' for nil:NilClass,Skippad,256.2,866,1.0,7/23/2023,4/17/2023,65
226,error: undefined method `first' for nil:NilClass,Flipstorm,831.22,182,3.4,7/2/2023,7/29/2023,70
227,error: undefined method `first' for nil:NilClass,Wordtune,441.08,60,1.1,5/4/2023,6/24/2023,19
228,error: undefined method `first' for nil:NilClass,Dazzlesphere,434.71,90,4.7,1/22/2023,2/17/2023,37
229,error: undefined method `first' for nil:NilClass,Trudeo,701.32,190,1.2,7/7/2023,10/16/2023,70
230,error: undefined method `first' for nil:NilClass,Gabtune,587.79,386,4.9,3/16/2023,7/20/2023,76
231,error: undefined method `first' for nil:NilClass,Shufflester,727.74,266,3.1,3/29/2023,7/19/2023,91
232,error: undefined method `first' for nil:NilClass,Mita,64.58,69,3.7,5/30/2023,3/26/2023,14
233,error: undefined method `first' for nil:NilClass,Innojam,207.35,710,3.7,10/15/2023,8/16/2023,9
234,error: undefined method `first' for nil:NilClass,Skyvu,732.9,628,4.3,4/20/2023,9/21/2023,53
235,error: undefined method `first' for nil:NilClass,Babbleset,515.58,728,1.1,6/6/2023,6/2/2023,74
236,error: undefined method `first' for nil:NilClass,Dynazzy,221.51,606,3.7,3/15/2023,1/16/2023,27
237,error: undefined method `first' for nil:NilClass,Yoveo,124.95,468,4.1,1/11/2023,5/22/2023,5
238,error: undefined method `first' for nil:NilClass,Feedmix,462.19,124,3.1,7/20/2023,10/11/2023,37
239,error: undefined method `first' for nil:NilClass,Mymm,930.93,252,4.1,8/12/2023,7/11/2023,65
240,error: undefined method `first' for nil:NilClass,Dabtype,174.76,801,3.0,1/11/2023,3/10/2023,42
241,error: undefined method `first' for nil:NilClass,Vidoo,572.29,963,1.4,5/3/2023,9/29/2023,59
242,error: undefined method `first' for nil:NilClass,Demimbu,220.58,522,2.5,1/15/2023,10/4/2023,93
243,error: undefined method `first' for nil:NilClass,Fliptune,934.05,890,1.0,7/31/2023,4/4/2023,51
244,error: undefined method `first' for nil:NilClass,Roodel,980.39,653,4.9,7/3/2023,3/6/2023,71
245,error: undefined method `first' for nil:NilClass,Quimm,267.39,505,2.6,7/1/2023,8/10/2023,72
246,error: undefined method `first' for nil:NilClass,Realbuzz,287.12,874,2.3,6/3/2023,6/16/2023,89
247,error: undefined method `first' for nil:NilClass,Skynoodle,348.97,294,2.8,4/24/2023,9/15/2023,48
248,error: undefined method `first' for nil:NilClass,Tagcat,116.82,634,3.6,9/29/2023,4/6/2023,7
249,error: undefined method `first' for nil:NilClass,Kaymbo,64.24,523,1.4,9/19/2023,10/8/2023,17
250,error: undefined method `first' for nil:NilClass,Leenti,252.71,576,1.9,9/5/2023,8/7/2023,24
251,error: undefined method `first' for nil:NilClass,Youopia,543.91,650,4.8,3/24/2023,3/6/2023,96
252,error: undefined method `first' for nil:NilClass,Mudo,584.38,766,4.1,1/10/2023,5/12/2023,61
253,error: undefined method `first' for nil:NilClass,Brainlounge,729.93,341,2.5,4/16/2023,3/19/2023,96
254,error: undefined method `first' for nil:NilClass,Jabberstorm,889.23,451,1.7,7/8/2023,5/18/2023,20
255,error: undefined method `first' for nil:NilClass,Kare,442.74,836,4.3,9/30/2023,9/26/2023,74
256,error: undefined method `first' for nil:NilClass,Quatz,224.55,398,2.3,1/18/2023,8/13/2023,42
257,error: undefined method `first' for nil:NilClass,Eimbee,256.49,260,1.8,7/22/2023,9/9/2023,88
258,error: undefined method `first' for nil:NilClass,Trunyx,429.31,275,4.8,9/8/2023,2/17/2023,41
259,error: undefined method `first' for nil:NilClass,Mymm,198.43,863,3.5,10/14/2023,2/24/2023,32
260,error: undefined method `first' for nil:NilClass,Vipe,701.34,936,1.5,5/16/2023,2/11/2023,40
261,error: undefined method `first' for nil:NilClass,Topicshots,647.88,139,3.4,3/23/2023,6/10/2023,81
262,error: undefined method `first' for nil:NilClass,Izio,251.62,842,3.3,3/27/2023,2/19/2023,67
263,error: undefined method `first' for nil:NilClass,Gabtune,191.0,870,1.9,9/2/2023,5/12/2023,33
264,error: undefined method `first' for nil:NilClass,Rhyzio,372.33,974,2.5,1/25/2023,2/4/2023,87
265,error: undefined method `first' for nil:NilClass,Oyondu,147.96,165,1.1,6/2/2023,2/27/2023,4
266,error: undefined method `first' for nil:NilClass,Quire,836.62,423,2.2,4/18/2023,8/11/2023,81
267,error: undefined method `first' for nil:NilClass,Oozz,598.12,296,1.4,4/21/2023,8/1/2023,94
268,error: undefined method `first' for nil:NilClass,Browsezoom,296.52,785,1.7,1/1/2023,5/1/2023,49
269,error: undefined method `first' for nil:NilClass,Innotype,748.41,962,4.9,3/26/2023,2/22/2023,13
270,error: undefined method `first' for nil:NilClass,Reallinks,0.03,213,3.0,1/23/2023,7/23/2023,89
271,error: undefined method `first' for nil:NilClass,Janyx,529.83,322,1.1,7/4/2023,6/1/2023,86
272,error: undefined method `first' for nil:NilClass,Tagchat,32.27,692,1.2,2/5/2023,1/24/2023,13
273,error: undefined method `first' for nil:NilClass,Riffpath,627.96,241,4.3,4/13/2023,5/12/2023,38
274,error: undefined method `first' for nil:NilClass,Kamba,856.44,790,3.7,2/17/2023,5/21/2023,29
275,error: undefined method `first' for nil:NilClass,Buzzbean,793.44,699,3.9,1/27/2023,5/26/2023,40
276,error: undefined method `first' for nil:NilClass,Vidoo,798.06,250,3.4,6/26/2023,4/18/2023,44
277,error: undefined method `first' for nil:NilClass,Yamia,800.92,60,3.3,8/2/2023,2/13/2023,20
278,error: undefined method `first' for nil:NilClass,Snaptags,924.4,211,1.5,2/26/2023,9/20/2023,91
279,error: undefined method `first' for nil:NilClass,Devpulse,623.94,334,1.9,6/22/2023,9/9/2023,8
280,error: undefined method `first' for nil:NilClass,Ailane,332.74,155,4.9,7/12/2023,2/25/2023,19
281,error: undefined method `first' for nil:NilClass,Realblab,205.13,586,3.3,4/27/2023,4/3/2023,4
282,error: undefined method `first' for nil:NilClass,Demimbu,170.13,140,2.5,5/4/2023,6/5/2023,54
283,error: undefined method `first' for nil:NilClass,Browsetype,970.25,536,2.2,7/1/2023,5/15/2023,95
284,error: undefined method `first' for nil:NilClass,Buzzshare,802.22,793,4.8,9/9/2023,9/15/2023,87
285,error: undefined method `first' for nil:NilClass,Mycat,626.71,442,1.4,9/28/2023,1/26/2023,18
286,error: undefined method `first' for nil:NilClass,Ooba,637.81,100,1.5,4/14/2023,6/6/2023,51
287,error: undefined method `first' for nil:NilClass,Brightdog,719.37,95,3.8,5/6/2023,9/21/2023,76
288,error: undefined method `first' for nil:NilClass,Skynoodle,805.81,684,3.9,10/13/2023,4/27/2023,72
289,error: undefined method `first' for nil:NilClass,Thoughtsphere,146.81,19,1.1,1/26/2023,3/30/2023,4
290,error: undefined method `first' for nil:NilClass,Yambee,525.49,515,1.1,4/30/2023,5/12/2023,34
291,error: undefined method `first' for nil:NilClass,Eidel,458.04,486,2.2,8/2/2023,3/26/2023,75
292,error: undefined method `first' for nil:NilClass,Kamba,602.22,638,2.8,7/13/2023,10/3/2023,14
293,error: undefined method `first' for nil:NilClass,Ooba,940.29,337,1.5,6/29/2023,9/15/2023,4
294,error: undefined method `first' for nil:NilClass,Tagtune,320.58,634,4.4,3/1/2023,2/5/2023,97
295,error: undefined method `first' for nil:NilClass,Innojam,223.11,523,3.0,2/18/2023,9/17/2023,50
296,error: undefined method `first' for nil:NilClass,Brainbox,687.83,166,4.8,7/2/2023,4/6/2023,47
297,error: undefined method `first' for nil:NilClass,Skilith,436.55,401,1.5,5/6/2023,6/10/2023,9
298,error: undefined method `first' for nil:NilClass,Realbuzz,26.91,332,2.8,6/14/2023,9/8/2023,6
299,error: undefined method `first' for nil:NilClass,Linktype,302.31,332,2.1,9/18/2023,6/26/2023,26
300,error: undefined method `first' for nil:NilClass,Yambee,708.41,388,3.1,4/18/2023,10/9/2023,60
301,error: undefined method `first' for nil:NilClass,Roombo,879.02,995,2.2,2/15/2023,6/15/2023,69
302,error: undefined method `first' for nil:NilClass,Leenti,627.13,83,2.0,7/7/2023,10/15/2023,65
303,error: undefined method `first' for nil:NilClass,Jabbertype,36.76,901,4.7,7/19/2023,1/22/2023,37
304,error: undefined method `first' for nil:NilClass,Ailane,740.63,385,1.4,1/7/2023,10/4/2023,13
305,error: undefined method `first' for nil:NilClass,Eayo,592.47,336,4.7,4/5/2023,9/28/2023,32
306,error: undefined method `first' for nil:NilClass,Mybuzz,81.89,98,2.1,1/9/2023,1/26/2023,25
307,error: undefined method `first' for nil:NilClass,Dabshots,243.86,629,3.6,3/28/2023,10/14/2023,40
308,error: undefined method `first' for nil:NilClass,Lazz,117.63,444,1.2,9/2/2023,6/7/2023,60
309,error: undefined method `first' for nil:NilClass,Eadel,718.05,202,1.2,1/15/2023,7/31/2023,8
310,error: undefined method `first' for nil:NilClass,Browsetype,92.48,974,4.9,7/27/2023,7/5/2023,48
311,error: undefined method `first' for nil:NilClass,Oba,457.22,259,2.6,6/6/2023,3/5/2023,70
312,error: undefined method `first' for nil:NilClass,Kimia,464.66,702,2.8,6/18/2023,3/14/2023,24
313,error: undefined method `first' for nil:NilClass,Tagopia,491.16,474,4.6,10/19/2023,7/1/2023,5
314,error: undefined method `first' for nil:NilClass,Pixoboo,6.68,433,3.4,6/24/2023,9/4/2023,41
315,error: undefined method `first' for nil:NilClass,Centizu,101.91,752,1.2,8/1/2023,8/29/2023,47
316,error: undefined method `first' for nil:NilClass,Meembee,852.79,154,2.2,4/27/2023,5/7/2023,89
317,error: undefined method `first' for nil:NilClass,Fiveclub,148.92,363,4.6,1/13/2023,10/4/2023,66
318,error: undefined method `first' for nil:NilClass,Kimia,548.58,462,2.0,3/31/2023,8/30/2023,71
319,error: undefined method `first' for nil:NilClass,Yamia,944.72,965,2.0,7/22/2023,8/22/2023,43
320,error: undefined method `first' for nil:NilClass,DabZ,828.33,111,4.0,10/13/2023,10/16/2023,75
321,error: undefined method `first' for nil:NilClass,Reallinks,206.8,938,2.9,1/22/2023,5/4/2023,15
322,error: undefined method `first' for nil:NilClass,Dabjam,569.21,800,4.5,5/7/2023,8/9/2023,42
323,error: undefined method `first' for nil:NilClass,Quimba,60.78,978,1.2,9/9/2023,2/2/2023,16
324,error: undefined method `first' for nil:NilClass,Latz,206.34,946,2.5,7/2/2023,1/27/2023,76
325,error: undefined method `first' for nil:NilClass,Thoughtblab,274.68,410,1.6,9/16/2023,9/16/2023,73
326,error: undefined method `first' for nil:NilClass,Zoovu,539.49,823,3.1,3/7/2023,6/7/2023,97
327,error: undefined method `first' for nil:NilClass,Tagpad,167.06,383,3.3,4/4/2023,1/31/2023,15
328,error: undefined method `first' for nil:NilClass,Devbug,565.88,676,4.3,5/7/2023,1/1/2023,16
329,error: undefined method `first' for nil:NilClass,Babblestorm,927.52,357,3.1,9/3/2023,8/21/2023,43
330,error: undefined method `first' for nil:NilClass,Babbleopia,987.94,94,3.1,8/28/2023,4/20/2023,84
331,error: undefined method `first' for nil:NilClass,Realpoint,77.07,668,4.8,10/9/2023,9/30/2023,27
332,error: undefined method `first' for nil:NilClass,Yadel,511.4,825,1.8,9/17/2023,10/17/2023,8
333,error: undefined method `first' for nil:NilClass,Muxo,912.86,263,3.7,6/15/2023,10/7/2023,53
334,error: undefined method `first' for nil:NilClass,Reallinks,106.65,393,4.6,8/20/2023,7/12/2023,15
335,error: undefined method `first' for nil:NilClass,Tavu,240.4,77,3.8,8/28/2023,6/6/2023,51
336,error: undefined method `first' for nil:NilClass,Thoughtstorm,593.94,334,3.5,10/19/2023,7/6/2023,75
337,error: undefined method `first' for nil:NilClass,Babbleset,830.11,78,2.5,9/19/2023,5/11/2023,29
338,error: undefined method `first' for nil:NilClass,Tagtune,993.94,808,1.9,5/26/2023,4/21/2023,82
339,error: undefined method `first' for nil:NilClass,Kayveo,27.36,814,3.2,4/10/2023,2/13/2023,92
340,error: undefined method `first' for nil:NilClass,Wordify,943.91,330,1.8,5/7/2023,7/19/2023,64
341,error: undefined method `first' for nil:NilClass,Pixonyx,589.89,640,2.9,4/29/2023,8/3/2023,65
342,error: undefined method `first' for nil:NilClass,Kwilith,192.48,687,2.9,9/20/2023,3/28/2023,25
343,error: undefined method `first' for nil:NilClass,Jetpulse,785.93,359,3.6,7/28/2023,1/21/2023,74
344,error: undefined method `first' for nil:NilClass,Tekfly,238.3,83,2.0,1/30/2023,1/2/2023,38
345,error: undefined method `first' for nil:NilClass,Wordtune,450.35,55,2.6,7/14/2023,10/14/2023,67
346,error: undefined method `first' for nil:NilClass,Layo,341.19,888,4.8,3/19/2023,10/10/2023,25
347,error: undefined method `first' for nil:NilClass,Twitterbridge,318.68,73,3.5,8/1/2023,2/21/2023,97
348,error: undefined method `first' for nil:NilClass,Chatterbridge,83.77,302,1.5,2/20/2023,4/23/2023,24
349,error: undefined method `first' for nil:NilClass,Aibox,973.8,95,4.3,2/11/2023,10/17/2023,39
350,error: undefined method `first' for nil:NilClass,Dazzlesphere,684.91,565,4.6,2/1/2023,10/8/2023,99
351,error: undefined method `first' for nil:NilClass,Kwideo,407.7,351,4.4,8/9/2023,3/1/2023,46
352,error: undefined method `first' for nil:NilClass,Twinte,244.25,141,3.1,5/14/2023,4/7/2023,58
353,error: undefined method `first' for nil:NilClass,Divavu,106.39,287,1.3,5/31/2023,4/30/2023,95
354,error: undefined method `first' for nil:NilClass,Shufflester,941.84,809,4.3,1/28/2023,9/21/2023,6
355,error: undefined method `first' for nil:NilClass,Katz,468.55,705,3.5,7/15/2023,5/8/2023,29
356,error: undefined method `first' for nil:NilClass,Reallinks,76.31,255,3.2,6/21/2023,7/8/2023,27
357,error: undefined method `first' for nil:NilClass,Tavu,894.52,384,3.1,6/18/2023,8/4/2023,64
358,error: undefined method `first' for nil:NilClass,Centimia,110.0,33,2.4,8/5/2023,8/17/2023,94
359,error: undefined method `first' for nil:NilClass,Aimbu,996.97,302,2.4,10/12/2023,4/26/2023,79
360,error: undefined method `first' for nil:NilClass,Realmix,731.35,607,1.3,3/19/2023,6/28/2023,32
361,error: undefined method `first' for nil:NilClass,Roomm,397.88,575,2.9,8/24/2023,2/6/2023,94
362,error: undefined method `first' for nil:NilClass,Oloo,765.5,581,4.3,4/19/2023,9/23/2023,91
363,error: undefined method `first' for nil:NilClass,Eidel,211.17,894,2.0,8/7/2023,4/13/2023,52
364,error: undefined method `first' for nil:NilClass,Avavee,249.18,822,1.1,5/24/2023,6/26/2023,58
365,error: undefined method `first' for nil:NilClass,Zava,512.08,47,3.5,7/21/2023,7/4/2023,14
366,error: undefined method `first' for nil:NilClass,Zoonder,487.69,751,3.1,7/31/2023,2/21/2023,37
367,error: undefined method `first' for nil:NilClass,Zooxo,819.55,262,2.1,2/26/2023,7/20/2023,71
368,error: undefined method `first' for nil:NilClass,Topicstorm,486.32,940,1.8,9/1/2023,5/4/2023,20
369,error: undefined method `first' for nil:NilClass,Midel,725.85,363,4.7,3/1/2023,3/20/2023,57
370,error: undefined method `first' for nil:NilClass,Quinu,934.97,153,3.0,5/26/2023,5/24/2023,44
371,error: undefined method `first' for nil:NilClass,Fiveclub,470.95,70,3.5,6/23/2023,8/26/2023,41
372,error: undefined method `first' for nil:NilClass,Linktype,329.72,1000,2.6,6/3/2023,2/11/2023,99
373,error: undefined method `first' for nil:NilClass,Tambee,971.91,509,1.1,6/17/2023,3/2/2023,9
374,error: undefined method `first' for nil:NilClass,Thoughtmix,461.68,673,3.3,2/11/2023,1/21/2023,66
375,error: undefined method `first' for nil:NilClass,Yambee,576.07,513,2.2,7/27/2023,10/14/2023,79
376,error: undefined method `first' for nil:NilClass,Rhybox,501.55,175,3.1,10/13/2023,5/28/2023,24
377,error: undefined method `first' for nil:NilClass,Realfire,686.36,469,2.3,9/1/2023,7/17/2023,55
378,error: undefined method `first' for nil:NilClass,Viva,535.12,605,1.7,7/3/2023,9/18/2023,54
379,error: undefined method `first' for nil:NilClass,Livefish,280.1,997,5.0,5/12/2023,1/2/2023,13
380,error: undefined method `first' for nil:NilClass,Youspan,538.01,581,1.4,2/19/2023,9/23/2023,51
381,error: undefined method `first' for nil:NilClass,Realcube,643.26,446,1.5,2/23/2023,2/8/2023,81
382,error: undefined method `first' for nil:NilClass,Jamia,172.43,360,1.4,9/3/2023,7/30/2023,86
383,error: undefined method `first' for nil:NilClass,Ntags,994.3,200,4.1,2/28/2023,7/2/2023,55
384,error: undefined method `first' for nil:NilClass,Demimbu,762.65,267,4.8,6/7/2023,3/6/2023,54
385,error: undefined method `first' for nil:NilClass,Innotype,987.67,273,2.8,1/13/2023,5/24/2023,9
386,error: undefined method `first' for nil:NilClass,Oyoba,168.72,721,4.6,1/18/2023,8/23/2023,45
387,error: undefined method `first' for nil:NilClass,Plambee,352.23,645,4.7,8/3/2023,4/7/2023,62
388,error: undefined method `first' for nil:NilClass,Topicblab,114.68,639,3.2,3/31/2023,5/21/2023,71
389,error: undefined method `first' for nil:NilClass,Dabvine,212.87,542,3.6,9/7/2023,7/18/2023,10
390,error: undefined method `first' for nil:NilClass,BlogXS,464.92,973,1.0,7/5/2023,9/24/2023,83
391,error: undefined method `first' for nil:NilClass,Edgeclub,70.19,360,1.7,3/5/2023,5/29/2023,26
392,error: undefined method `first' for nil:NilClass,Jabberbean,912.38,769,4.2,6/30/2023,1/19/2023,3
393,error: undefined method `first' for nil:NilClass,Skibox,730.26,67,2.7,2/24/2023,3/9/2023,27
394,error: undefined method `first' for nil:NilClass,Realfire,207.11,360,3.5,2/12/2023,8/7/2023,32
395,error: undefined method `first' for nil:NilClass,Feednation,549.75,184,1.6,1/5/2023,10/15/2023,66
396,error: undefined method `first' for nil:NilClass,Twitterbeat,593.38,641,3.5,6/4/2023,8/5/2023,10
397,error: undefined method `first' for nil:NilClass,Yombu,597.51,669,3.9,5/26/2023,5/12/2023,22
398,error: undefined method `first' for nil:NilClass,Oodoo,825.38,529,3.9,7/8/2023,2/7/2023,13
399,error: undefined method `first' for nil:NilClass,Brainlounge,324.36,699,2.6,5/2/2023,8/31/2023,7
400,error: undefined method `first' for nil:NilClass,Kimia,71.93,1000,2.2,9/7/2023,1/24/2023,13
401,error: undefined method `first' for nil:NilClass,Realcube,650.01,347,2.9,8/18/2023,2/24/2023,21
402,error: undefined method `first' for nil:NilClass,Katz,234.92,797,3.2,6/22/2023,7/2/2023,25
403,error: undefined method `first' for nil:NilClass,Demizz,277.99,235,1.5,8/15/2023,6/28/2023,39
404,error: undefined method `first' for nil:NilClass,Realbuzz,176.11,39,2.0,8/26/2023,4/6/2023,42
405,error: undefined method `first' for nil:NilClass,Vipe,882.01,802,5.0,2/14/2023,3/11/2023,37
406,error: undefined method `first' for nil:NilClass,Topicblab,381.62,14,3.4,8/12/2023,4/17/2023,83
407,error: undefined method `first' for nil:NilClass,Dabjam,512.74,681,4.0,4/15/2023,5/21/2023,15
408,error: undefined method `first' for nil:NilClass,Realmix,878.49,567,2.8,7/9/2023,9/2/2023,21
409,error: undefined method `first' for nil:NilClass,Meemm,368.69,534,2.5,2/18/2023,9/26/2023,21
410,error: undefined method `first' for nil:NilClass,Gabtype,126.6,903,1.0,10/11/2023,5/11/2023,100
411,error: undefined method `first' for nil:NilClass,Zava,264.55,256,4.8,10/18/2023,3/25/2023,50
412,error: undefined method `first' for nil:NilClass,Yodel,69.12,277,3.6,5/4/2023,4/18/2023,97
413,error: undefined method `first' for nil:NilClass,Yadel,629.44,855,2.6,10/2/2023,10/6/2023,67
414,error: undefined method `first' for nil:NilClass,Jayo,99.18,423,4.4,7/14/2023,8/26/2023,17
415,error: undefined method `first' for nil:NilClass,Ntags,606.93,75,3.0,9/26/2023,4/1/2023,42
416,error: undefined method `first' for nil:NilClass,Rhyzio,712.61,243,2.4,3/15/2023,6/13/2023,24
417,error: undefined method `first' for nil:NilClass,Edgewire,509.52,829,1.2,10/15/2023,4/25/2023,42
418,error: undefined method `first' for nil:NilClass,Tagcat,287.38,3,3.9,8/16/2023,2/28/2023,79
419,error: undefined method `first' for nil:NilClass,Leenti,529.33,518,2.1,6/24/2023,6/27/2023,72
420,error: undefined method `first' for nil:NilClass,Jamia,948.56,51,2.4,5/2/2023,1/23/2023,43
421,error: undefined method `first' for nil:NilClass,Eabox,82.98,170,2.9,8/8/2023,1/13/2023,37
422,error: undefined method `first' for nil:NilClass,Edgeclub,244.39,872,2.3,2/3/2023,3/1/2023,74
423,error: undefined method `first' for nil:NilClass,Oyoba,291.76,523,3.0,7/9/2023,1/28/2023,66
424,error: undefined method `first' for nil:NilClass,Mydo,199.0,693,1.6,5/4/2023,4/24/2023,76
425,error: undefined method `first' for nil:NilClass,Thoughtworks,169.8,441,4.4,7/31/2023,5/6/2023,59
426,error: undefined method `first' for nil:NilClass,Feedmix,749.19,851,4.9,7/10/2023,9/16/2023,23
427,error: undefined method `first' for nil:NilClass,Bubblemix,56.69,924,2.4,3/12/2023,8/28/2023,46
428,error: undefined method `first' for nil:NilClass,Yamia,421.64,462,2.0,4/15/2023,8/2/2023,75
429,error: undefined method `first' for nil:NilClass,Latz,875.5,119,2.0,4/23/2023,4/26/2023,76
430,error: undefined method `first' for nil:NilClass,Quire,608.72,841,2.0,1/8/2023,4/11/2023,91
431,error: undefined method `first' for nil:NilClass,Realpoint,340.43,463,3.0,8/26/2023,8/22/2023,85
432,error: undefined method `first' for nil:NilClass,Oyoyo,738.95,642,1.9,6/8/2023,8/17/2023,30
433,error: undefined method `first' for nil:NilClass,Centizu,73.23,785,1.9,8/30/2023,7/12/2023,54
434,error: undefined method `first' for nil:NilClass,Divape,990.77,664,2.3,10/7/2023,9/13/2023,85
435,error: undefined method `first' for nil:NilClass,Skyba,193.8,155,1.9,2/25/2023,2/9/2023,18
436,error: undefined method `first' for nil:NilClass,Talane,891.35,792,1.4,6/19/2023,6/25/2023,65
437,error: undefined method `first' for nil:NilClass,Blognation,420.41,916,4.2,9/6/2023,5/6/2023,49
438,error: undefined method `first' for nil:NilClass,Skibox,919.85,879,3.1,2/1/2023,1/15/2023,49
439,error: undefined method `first' for nil:NilClass,Zoombeat,788.18,54,4.9,7/7/2023,8/24/2023,17
440,error: undefined method `first' for nil:NilClass,Jaxnation,305.05,731,5.0,1/7/2023,8/16/2023,46
441,error: undefined method `first' for nil:NilClass,Edgeclub,583.41,202,4.8,4/8/2023,5/9/2023,35
442,error: undefined method `first' for nil:NilClass,Jabberstorm,604.87,688,1.9,8/18/2023,10/3/2023,67
443,error: undefined method `first' for nil:NilClass,Kaymbo,669.9,210,3.7,2/12/2023,6/8/2023,100
444,error: undefined method `first' for nil:NilClass,Yabox,223.23,660,3.6,9/12/2023,1/5/2023,69
445,error: undefined method `first' for nil:NilClass,Skimia,105.53,176,2.2,5/28/2023,3/21/2023,10
446,error: undefined method `first' for nil:NilClass,Digitube,165.5,365,3.6,7/1/2023,4/23/2023,8
447,error: undefined method `first' for nil:NilClass,InnoZ,441.4,991,4.1,6/13/2023,1/2/2023,83
448,error: undefined method `first' for nil:NilClass,Devshare,861.73,271,4.9,7/17/2023,5/3/2023,48
449,error: undefined method `first' for nil:NilClass,Aimbo,774.86,915,3.7,3/18/2023,4/24/2023,63
450,error: undefined method `first' for nil:NilClass,Babbleopia,230.18,944,1.8,1/7/2023,10/5/2023,78
451,error: undefined method `first' for nil:NilClass,Wordpedia,9.39,30,1.2,3/19/2023,8/5/2023,74
452,error: undefined method `first' for nil:NilClass,Kwideo,233.72,356,1.4,3/5/2023,1/23/2023,73
453,error: undefined method `first' for nil:NilClass,Mycat,365.4,164,4.6,1/8/2023,1/29/2023,24
454,error: undefined method `first' for nil:NilClass,Tanoodle,110.06,554,4.0,8/5/2023,2/6/2023,23
455,error: undefined method `first' for nil:NilClass,Thoughtstorm,594.57,982,2.8,9/18/2023,7/18/2023,22
456,error: undefined method `first' for nil:NilClass,Kare,744.59,834,4.4,8/5/2023,2/28/2023,40
457,error: undefined method `first' for nil:NilClass,Trudoo,891.49,472,4.0,6/19/2023,6/5/2023,41
458,error: undefined method `first' for nil:NilClass,Tagpad,820.99,324,3.7,5/26/2023,4/6/2023,78
459,error: undefined method `first' for nil:NilClass,Jazzy,114.64,788,1.8,6/6/2023,4/10/2023,96
460,error: undefined method `first' for nil:NilClass,Blogpad,371.87,433,3.3,6/27/2023,4/3/2023,24
461,error: undefined method `first' for nil:NilClass,Zoombox,39.33,521,2.8,6/29/2023,5/29/2023,77
462,error: undefined method `first' for nil:NilClass,Katz,49.57,363,2.7,10/9/2023,3/12/2023,89
463,error: undefined method `first' for nil:NilClass,Jabbersphere,42.83,134,2.4,6/19/2023,8/3/2023,95
464,error: undefined method `first' for nil:NilClass,Skinder,647.08,859,2.9,8/17/2023,7/10/2023,37
465,error: undefined method `first' for nil:NilClass,Jaxnation,576.53,286,2.4,9/23/2023,5/17/2023,71
466,error: undefined method `first' for nil:NilClass,Ooba,858.93,788,3.7,1/29/2023,8/18/2023,91
467,error: undefined method `first' for nil:NilClass,Yodel,272.87,488,1.1,7/15/2023,5/16/2023,29
468,error: undefined method `first' for nil:NilClass,Plambee,181.22,487,1.2,10/8/2023,8/20/2023,43
469,error: undefined method `first' for nil:NilClass,Minyx,260.55,641,2.8,1/23/2023,1/26/2023,52
470,error: undefined method `first' for nil:NilClass,Blogtag,284.9,77,2.9,9/13/2023,4/4/2023,85
471,error: undefined method `first' for nil:NilClass,Nlounge,457.82,986,1.4,5/19/2023,6/30/2023,24
472,error: undefined method `first' for nil:NilClass,BlogXS,501.16,458,2.6,3/31/2023,1/15/2023,100
473,error: undefined method `first' for nil:NilClass,Rooxo,344.64,750,1.9,5/5/2023,1/23/2023,86
474,error: undefined method `first' for nil:NilClass,Topdrive,345.86,690,1.5,1/1/2023,3/6/2023,37
475,error: undefined method `first' for nil:NilClass,Skajo,801.49,748,1.4,4/2/2023,5/23/2023,79
476,error: undefined method `first' for nil:NilClass,Buzzbean,879.87,280,3.0,7/9/2023,4/9/2023,75
477,error: undefined method `first' for nil:NilClass,Wordware,464.11,80,2.7,4/1/2023,3/17/2023,54
478,error: undefined method `first' for nil:NilClass,Einti,811.02,615,5.0,6/22/2023,1/16/2023,23
479,error: undefined method `first' for nil:NilClass,Myworks,846.71,645,3.4,1/29/2023,3/13/2023,64
480,error: undefined method `first' for nil:NilClass,Edgeclub,491.87,523,1.4,4/23/2023,3/2/2023,66
481,error: undefined method `first' for nil:NilClass,Rhynoodle,992.93,214,1.1,2/7/2023,9/10/2023,72
482,error: undefined method `first' for nil:NilClass,Rhynoodle,240.51,49,3.8,2/8/2023,6/16/2023,93
483,error: undefined method `first' for nil:NilClass,Fadeo,373.54,358,2.0,2/8/2023,7/24/2023,90
484,error: undefined method `first' for nil:NilClass,Yodoo,425.6,474,3.7,5/31/2023,1/13/2023,68
485,error: undefined method `first' for nil:NilClass,Skipfire,353.4,179,1.0,7/21/2023,4/10/2023,39
486,error: undefined method `first' for nil:NilClass,Fiveclub,324.81,100,2.0,9/28/2023,7/9/2023,53
487,error: undefined method `first' for nil:NilClass,Browsecat,451.91,6,3.6,9/6/2023,1/1/2023,65
488,error: undefined method `first' for nil:NilClass,LiveZ,615.97,947,4.4,7/26/2023,8/6/2023,83
489,error: undefined method `first' for nil:NilClass,Twitterworks,823.33,954,2.3,7/15/2023,7/23/2023,86
490,error: undefined method `first' for nil:NilClass,Oyoba,854.16,436,3.1,10/7/2023,8/31/2023,93
491,error: undefined method `first' for nil:NilClass,Dablist,550.48,330,2.3,3/8/2023,1/1/2023,83
492,error: undefined method `first' for nil:NilClass,Twitterbeat,602.65,27,2.6,9/10/2023,5/30/2023,79
493,error: undefined method `first' for nil:NilClass,Yabox,392.81,549,3.3,8/10/2023,7/12/2023,14
494,error: undefined method `first' for nil:NilClass,Dynava,954.28,226,1.3,2/20/2023,1/13/2023,51
495,error: undefined method `first' for nil:NilClass,Brightbean,957.93,382,3.3,2/13/2023,3/31/2023,26
496,error: undefined method `first' for nil:NilClass,Centidel,855.41,660,1.4,5/31/2023,6/24/2023,71
497,error: undefined method `first' for nil:NilClass,Topiczoom,673.57,388,4.4,2/18/2023,2/4/2023,39
498,error: undefined method `first' for nil:NilClass,Voonte,135.55,295,2.1,5/2/2023,2/3/2023,52
499,error: undefined method `first' for nil:NilClass,Riffpath,907.49,137,4.4,5/11/2023,6/14/2023,96
500,error: undefined method `first' for nil:NilClass,Realcube,488.94,240,4.9,8/30/2023,4/6/2023,71
501,error: undefined method `first' for nil:NilClass,Fiveclub,22.39,465,2.5,5/12/2023,6/27/2023,22
502,error: undefined method `first' for nil:NilClass,Skidoo,639.49,305,4.3,4/4/2023,4/23/2023,32
503,error: undefined method `first' for nil:NilClass,Shufflebeat,813.8,302,1.7,9/1/2023,6/13/2023,78
504,error: undefined method `first' for nil:NilClass,Meedoo,181.19,941,4.3,5/5/2023,3/22/2023,46
505,error: undefined method `first' for nil:NilClass,Nlounge,974.18,20,2.6,5/21/2023,7/17/2023,36
506,error: undefined method `first' for nil:NilClass,Kayveo,897.49,952,2.9,7/31/2023,7/8/2023,8
507,error: undefined method `first' for nil:NilClass,Avavee,751.43,794,4.8,5/19/2023,3/30/2023,96
508,error: undefined method `first' for nil:NilClass,Devpulse,43.3,364,2.6,9/28/2023,9/10/2023,73
509,error: undefined method `first' for nil:NilClass,Yakidoo,335.14,754,1.5,2/17/2023,9/18/2023,16
510,error: undefined method `first' for nil:NilClass,Photospace,149.28,907,2.6,2/1/2023,10/13/2023,79
511,error: undefined method `first' for nil:NilClass,Demivee,723.05,731,3.5,2/16/2023,3/7/2023,22
512,error: undefined method `first' for nil:NilClass,Skynoodle,905.75,693,3.9,9/30/2023,5/15/2023,86
513,error: undefined method `first' for nil:NilClass,Mymm,133.59,236,3.0,9/18/2023,3/26/2023,17
514,error: undefined method `first' for nil:NilClass,Linktype,126.84,946,3.4,7/8/2023,6/21/2023,89
515,error: undefined method `first' for nil:NilClass,Skajo,27.29,221,4.1,6/20/2023,6/17/2023,66
516,error: undefined method `first' for nil:NilClass,Wikido,895.46,362,2.8,3/31/2023,5/22/2023,77
517,error: undefined method `first' for nil:NilClass,Lazz,820.64,624,1.5,7/19/2023,6/24/2023,55
518,error: undefined method `first' for nil:NilClass,Blognation,65.23,916,1.9,4/23/2023,8/4/2023,1
519,error: undefined method `first' for nil:NilClass,Topiclounge,933.0,749,1.3,7/21/2023,5/29/2023,32
520,error: undefined method `first' for nil:NilClass,Fadeo,886.56,14,4.8,2/2/2023,7/3/2023,6
521,error: undefined method `first' for nil:NilClass,Buzzbean,310.44,257,2.2,9/10/2023,2/20/2023,38
522,error: undefined method `first' for nil:NilClass,Livetube,796.45,737,2.6,9/8/2023,9/27/2023,98
523,error: undefined method `first' for nil:NilClass,Wordware,602.19,990,4.6,3/30/2023,4/1/2023,97
524,error: undefined method `first' for nil:NilClass,Dabvine,574.49,963,1.9,7/7/2023,2/24/2023,63
525,error: undefined method `first' for nil:NilClass,Linkbridge,210.99,129,1.8,5/9/2023,10/18/2023,84
526,error: undefined method `first' for nil:NilClass,Innojam,814.18,713,2.7,8/30/2023,5/23/2023,49
527,error: undefined method `first' for nil:NilClass,Eayo,429.12,263,2.0,6/14/2023,2/26/2023,67
528,error: undefined method `first' for nil:NilClass,Jaxnation,451.86,965,3.7,6/10/2023,5/3/2023,6
529,error: undefined method `first' for nil:NilClass,Muxo,317.88,502,1.4,2/9/2023,6/4/2023,48
530,error: undefined method `first' for nil:NilClass,Zoonoodle,474.15,999,3.6,5/3/2023,5/27/2023,7
531,error: undefined method `first' for nil:NilClass,Nlounge,853.02,916,4.9,2/28/2023,6/21/2023,79
532,error: undefined method `first' for nil:NilClass,Dablist,706.2,860,1.2,6/17/2023,5/24/2023,15
533,error: undefined method `first' for nil:NilClass,Voonte,229.2,700,4.9,3/1/2023,6/29/2023,97
534,error: undefined method `first' for nil:NilClass,Devpoint,795.3,302,2.5,9/23/2023,8/20/2023,46
535,error: undefined method `first' for nil:NilClass,Babbleblab,14.52,696,4.2,6/28/2023,7/17/2023,39
536,error: undefined method `first' for nil:NilClass,Flashset,785.48,818,2.6,3/21/2023,7/8/2023,45
537,error: undefined method `first' for nil:NilClass,Realbridge,276.89,235,4.9,3/29/2023,4/3/2023,38
538,error: undefined method `first' for nil:NilClass,Yodel,890.2,338,3.9,1/6/2023,4/14/2023,52
539,error: undefined method `first' for nil:NilClass,Wikido,50.13,743,3.5,8/10/2023,3/24/2023,17
540,error: undefined method `first' for nil:NilClass,Edgeblab,919.05,52,4.6,5/17/2023,2/25/2023,76
541,error: undefined method `first' for nil:NilClass,Rhyloo,186.57,980,2.7,6/12/2023,7/20/2023,62
542,error: undefined method `first' for nil:NilClass,Jamia,690.39,264,2.6,4/4/2023,7/21/2023,2
543,error: undefined method `first' for nil:NilClass,Oyoyo,763.51,1,3.0,10/14/2023,5/15/2023,14
544,error: undefined method `first' for nil:NilClass,Trilith,765.97,500,3.3,3/9/2023,9/24/2023,100
545,error: undefined method `first' for nil:NilClass,Twitterwire,899.37,79,4.2,10/8/2023,4/2/2023,95
546,error: undefined method `first' for nil:NilClass,Shuffletag,346.52,136,1.5,4/25/2023,2/15/2023,6
547,error: undefined method `first' for nil:NilClass,Mydeo,669.63,137,2.0,7/19/2023,3/18/2023,94
548,error: undefined method `first' for nil:NilClass,Tanoodle,425.85,980,4.8,5/27/2023,4/24/2023,2
549,error: undefined method `first' for nil:NilClass,Skipfire,208.72,328,2.5,8/21/2023,8/15/2023,16
550,error: undefined method `first' for nil:NilClass,Jaloo,566.47,974,4.8,8/6/2023,2/15/2023,79
551,error: undefined method `first' for nil:NilClass,Omba,831.84,600,2.2,8/23/2023,10/9/2023,47
552,error: undefined method `first' for nil:NilClass,Thoughtstorm,499.06,652,2.7,2/8/2023,4/13/2023,12
553,error: undefined method `first' for nil:NilClass,Yakitri,567.62,971,1.2,9/21/2023,1/21/2023,62
554,error: undefined method `first' for nil:NilClass,BlogXS,827.19,745,4.3,4/27/2023,9/24/2023,87
555,error: undefined method `first' for nil:NilClass,Meedoo,801.62,249,4.8,9/6/2023,8/16/2023,96
556,error: undefined method `first' for nil:NilClass,Twimbo,206.32,425,1.1,8/10/2023,1/25/2023,3
557,error: undefined method `first' for nil:NilClass,Rhybox,549.04,799,3.4,7/13/2023,5/11/2023,20
558,error: undefined method `first' for nil:NilClass,Eidel,214.8,151,1.8,4/10/2023,2/12/2023,85
559,error: undefined method `first' for nil:NilClass,Fivechat,611.18,801,3.2,4/7/2023,4/18/2023,3
560,error: undefined method `first' for nil:NilClass,Demivee,469.77,752,2.9,2/18/2023,10/13/2023,88
561,error: undefined method `first' for nil:NilClass,Brightbean,479.13,604,1.1,2/15/2023,5/8/2023,6
562,error: undefined method `first' for nil:NilClass,Cogidoo,108.51,574,1.1,8/13/2023,10/19/2023,100
563,error: undefined method `first' for nil:NilClass,Lajo,599.44,986,3.3,1/9/2023,6/16/2023,15
564,error: undefined method `first' for nil:NilClass,Gigashots,95.73,846,2.6,5/21/2023,9/7/2023,46
565,error: undefined method `first' for nil:NilClass,Voolia,507.96,32,2.6,3/30/2023,1/5/2023,47
566,error: undefined method `first' for nil:NilClass,Wordware,60.62,900,4.0,1/21/2023,1/8/2023,50
567,error: undefined method `first' for nil:NilClass,Yozio,370.32,738,2.6,8/18/2023,7/8/2023,24
568,error: undefined method `first' for nil:NilClass,Zoomlounge,497.67,951,4.1,8/23/2023,7/25/2023,99
569,error: undefined method `first' for nil:NilClass,Quinu,731.68,620,2.0,5/21/2023,10/19/2023,100
570,error: undefined method `first' for nil:NilClass,Plambee,326.24,66,2.6,1/10/2023,6/30/2023,14
571,error: undefined method `first' for nil:NilClass,Fivespan,633.74,592,4.2,2/2/2023,9/1/2023,34
572,error: undefined method `first' for nil:NilClass,Rhyzio,631.33,128,3.1,3/4/2023,2/1/2023,94
573,error: undefined method `first' for nil:NilClass,Brightbean,366.24,368,1.6,5/7/2023,10/11/2023,72
574,error: undefined method `first' for nil:NilClass,Trilia,264.64,619,2.9,4/17/2023,5/16/2023,24
575,error: undefined method `first' for nil:NilClass,Demimbu,209.45,843,3.9,5/6/2023,3/5/2023,4
576,error: undefined method `first' for nil:NilClass,Yotz,94.18,529,4.2,3/9/2023,6/18/2023,66
577,error: undefined method `first' for nil:NilClass,Zoomdog,92.48,88,3.2,7/2/2023,3/16/2023,59
578,error: undefined method `first' for nil:NilClass,Kwilith,276.87,406,1.8,2/3/2023,2/20/2023,80
579,error: undefined method `first' for nil:NilClass,Zoomcast,382.72,105,2.8,7/3/2023,8/5/2023,66
580,error: undefined method `first' for nil:NilClass,Gigaclub,800.06,955,2.5,7/6/2023,1/15/2023,4
581,error: undefined method `first' for nil:NilClass,Plajo,946.16,16,3.6,7/25/2023,5/9/2023,24
582,error: undefined method `first' for nil:NilClass,Dynabox,159.22,757,2.7,7/11/2023,5/25/2023,76
583,error: undefined method `first' for nil:NilClass,Zoombeat,947.48,810,1.4,5/20/2023,4/3/2023,19
584,error: undefined method `first' for nil:NilClass,Browsezoom,925.99,877,2.9,1/31/2023,8/16/2023,89
585,error: undefined method `first' for nil:NilClass,Talane,492.42,854,4.9,2/6/2023,8/10/2023,77
586,error: undefined method `first' for nil:NilClass,Ailane,889.99,268,2.2,10/19/2023,3/13/2023,7
587,error: undefined method `first' for nil:NilClass,Brainlounge,644.9,886,4.8,3/24/2023,5/26/2023,27
588,error: undefined method `first' for nil:NilClass,Meetz,496.17,681,2.1,6/25/2023,9/30/2023,2
589,error: undefined method `first' for nil:NilClass,Topiczoom,166.53,84,2.0,8/1/2023,7/31/2023,33
590,error: undefined method `first' for nil:NilClass,Vidoo,98.88,890,4.5,3/19/2023,3/29/2023,13
591,error: undefined method `first' for nil:NilClass,Blogtag,129.3,271,3.8,2/1/2023,2/4/2023,81
592,error: undefined method `first' for nil:NilClass,Ainyx,93.1,186,2.2,6/28/2023,9/27/2023,87
593,error: undefined method `first' for nil:NilClass,Topicblab,299.34,540,3.1,9/22/2023,1/29/2023,60
594,error: undefined method `first' for nil:NilClass,Blognation,918.32,853,4.7,1/9/2023,8/21/2023,4
595,error: undefined method `first' for nil:NilClass,Quamba,42.37,361,3.9,1/26/2023,7/9/2023,82
596,error: undefined method `first' for nil:NilClass,Quire,464.67,853,4.6,9/26/2023,3/2/2023,31
597,error: undefined method `first' for nil:NilClass,Fiveclub,559.5,885,4.3,9/17/2023,6/21/2023,66
598,error: undefined method `first' for nil:NilClass,Oyope,556.48,582,1.3,5/6/2023,1/11/2023,60
599,error: undefined method `first' for nil:NilClass,Zoomdog,606.33,416,2.0,3/25/2023,9/24/2023,73
600,error: undefined method `first' for nil:NilClass,Jabberstorm,892.82,701,4.8,3/13/2023,6/11/2023,61
601,error: undefined method `first' for nil:NilClass,Teklist,428.02,613,4.4,6/12/2023,4/4/2023,58
602,error: undefined method `first' for nil:NilClass,Twitternation,753.09,185,4.6,9/5/2023,8/31/2023,39
603,error: undefined method `first' for nil:NilClass,Thoughtbeat,641.38,534,1.5,3/5/2023,1/1/2023,82
604,error: undefined method `first' for nil:NilClass,Skilith,230.75,432,2.9,4/26/2023,8/4/2023,41
605,error: undefined method `first' for nil:NilClass,Rhybox,844.36,292,2.0,6/23/2023,8/10/2023,44
606,error: undefined method `first' for nil:NilClass,Zooveo,919.65,696,3.0,7/10/2023,8/3/2023,14
607,error: undefined method `first' for nil:NilClass,Zooxo,82.91,75,4.9,9/26/2023,7/23/2023,75
608,error: undefined method `first' for nil:NilClass,Browsedrive,147.43,909,2.0,6/30/2023,8/31/2023,10
609,error: undefined method `first' for nil:NilClass,Lazz,543.42,699,1.9,8/23/2023,5/18/2023,45
610,error: undefined method `first' for nil:NilClass,Jamia,218.94,937,1.7,1/31/2023,7/10/2023,73
611,error: undefined method `first' for nil:NilClass,Skinte,925.74,486,3.4,9/25/2023,4/16/2023,38
612,error: undefined method `first' for nil:NilClass,Leenti,769.38,253,1.9,10/6/2023,10/13/2023,4
613,error: undefined method `first' for nil:NilClass,Zoonder,493.29,15,5.0,5/1/2023,5/15/2023,40
614,error: undefined method `first' for nil:NilClass,Gabvine,887.24,161,2.0,1/12/2023,7/11/2023,7
615,error: undefined method `first' for nil:NilClass,Midel,469.09,160,2.7,8/17/2023,3/20/2023,85
616,error: undefined method `first' for nil:NilClass,Eare,105.26,837,2.9,5/15/2023,1/24/2023,73
617,error: undefined method `first' for nil:NilClass,Tazz,82.61,771,1.4,3/21/2023,1/15/2023,69
618,error: undefined method `first' for nil:NilClass,Agivu,88.16,902,3.9,7/15/2023,7/16/2023,90
619,error: undefined method `first' for nil:NilClass,Twinder,628.16,289,4.0,6/13/2023,9/5/2023,91
620,error: undefined method `first' for nil:NilClass,Lajo,374.84,856,2.7,1/1/2023,2/18/2023,23
621,error: undefined method `first' for nil:NilClass,Voonte,187.67,870,2.4,1/22/2023,3/14/2023,53
622,error: undefined method `first' for nil:NilClass,Oloo,385.13,416,3.3,1/26/2023,6/9/2023,72
623,error: undefined method `first' for nil:NilClass,Jabberbean,524.86,662,3.6,1/27/2023,1/19/2023,84
624,error: undefined method `first' for nil:NilClass,Edgeify,843.03,592,3.5,3/18/2023,9/16/2023,34
625,error: undefined method `first' for nil:NilClass,Blogpad,694.22,290,1.2,7/15/2023,8/31/2023,74
626,error: undefined method `first' for nil:NilClass,Vinder,73.65,534,4.1,9/7/2023,8/24/2023,44
627,error: undefined method `first' for nil:NilClass,Fiveclub,999.54,347,4.0,2/12/2023,3/8/2023,40
628,error: undefined method `first' for nil:NilClass,Avamba,114.16,900,4.6,1/3/2023,7/5/2023,94
629,error: undefined method `first' for nil:NilClass,Photobug,621.56,4,2.7,3/26/2023,1/17/2023,41
630,error: undefined method `first' for nil:NilClass,Flashdog,805.67,960,4.0,8/8/2023,9/23/2023,93
631,error: undefined method `first' for nil:NilClass,Jaxnation,690.16,458,1.8,7/2/2023,10/10/2023,39
632,error: undefined method `first' for nil:NilClass,Quimm,612.31,95,2.6,10/18/2023,10/1/2023,15
633,error: undefined method `first' for nil:NilClass,Meetz,519.82,142,4.0,6/19/2023,4/1/2023,3
634,error: undefined method `first' for nil:NilClass,Realmix,249.03,509,2.3,6/28/2023,2/17/2023,20
635,error: undefined method `first' for nil:NilClass,Topiclounge,408.68,721,2.2,2/27/2023,9/24/2023,79
636,error: undefined method `first' for nil:NilClass,Skinix,662.12,689,1.9,3/19/2023,8/3/2023,55
637,error: undefined method `first' for nil:NilClass,Yodoo,275.94,795,2.7,9/23/2023,3/1/2023,56
638,error: undefined method `first' for nil:NilClass,Oyoyo,134.66,558,4.0,5/24/2023,3/18/2023,45
639,error: undefined method `first' for nil:NilClass,Reallinks,10.16,967,1.6,6/3/2023,1/6/2023,99
640,error: undefined method `first' for nil:NilClass,Viva,448.19,742,1.4,8/6/2023,10/5/2023,17
641,error: undefined method `first' for nil:NilClass,Ailane,475.93,991,2.6,7/28/2023,3/12/2023,29
642,error: undefined method `first' for nil:NilClass,Ntags,636.66,906,2.3,4/19/2023,7/30/2023,3
643,error: undefined method `first' for nil:NilClass,Kazio,48.19,431,1.9,8/10/2023,10/9/2023,83
644,error: undefined method `first' for nil:NilClass,Kamba,407.86,484,2.4,1/24/2023,2/11/2023,91
645,error: undefined method `first' for nil:NilClass,Blogtags,561.99,527,3.9,2/15/2023,1/1/2023,85
646,error: undefined method `first' for nil:NilClass,Youopia,863.4,463,4.9,6/13/2023,4/24/2023,43
647,error: undefined method `first' for nil:NilClass,Quatz,936.13,572,4.3,7/17/2023,10/9/2023,14
648,error: undefined method `first' for nil:NilClass,Mybuzz,73.54,677,3.4,1/28/2023,2/4/2023,65
649,error: undefined method `first' for nil:NilClass,Edgeify,598.32,361,2.6,8/18/2023,5/8/2023,15
650,error: undefined method `first' for nil:NilClass,Twitterbridge,83.24,513,1.3,5/25/2023,3/31/2023,4
651,error: undefined method `first' for nil:NilClass,Yotz,774.63,281,2.9,2/12/2023,3/20/2023,35
652,error: undefined method `first' for nil:NilClass,Wikivu,790.34,13,2.2,8/22/2023,8/7/2023,72
653,error: undefined method `first' for nil:NilClass,Tazzy,674.91,877,2.3,7/5/2023,2/26/2023,93
654,error: undefined method `first' for nil:NilClass,Edgeify,657.57,225,2.7,7/27/2023,4/26/2023,6
655,error: undefined method `first' for nil:NilClass,Skajo,211.1,480,4.0,10/17/2023,8/6/2023,99
656,error: undefined method `first' for nil:NilClass,Photobean,532.24,79,3.5,8/6/2023,7/20/2023,89
657,error: undefined method `first' for nil:NilClass,Youspan,594.45,10,4.2,1/23/2023,8/27/2023,15
658,error: undefined method `first' for nil:NilClass,Meejo,213.05,697,1.5,9/29/2023,5/30/2023,13
659,error: undefined method `first' for nil:NilClass,Quamba,817.66,38,2.1,4/12/2023,3/18/2023,50
660,error: undefined method `first' for nil:NilClass,Topicshots,803.22,809,2.6,7/20/2023,8/15/2023,81
661,error: undefined method `first' for nil:NilClass,Yakitri,925.85,626,1.3,6/7/2023,8/12/2023,7
662,error: undefined method `first' for nil:NilClass,Zoozzy,902.5,54,2.1,8/9/2023,5/27/2023,46
663,error: undefined method `first' for nil:NilClass,Youspan,579.08,814,1.9,4/25/2023,3/19/2023,73
664,error: undefined method `first' for nil:NilClass,Twitterbridge,14.6,623,2.7,1/5/2023,5/30/2023,51
665,error: undefined method `first' for nil:NilClass,Twinte,136.2,957,3.8,9/9/2023,3/7/2023,71
666,error: undefined method `first' for nil:NilClass,Katz,875.84,633,3.8,9/27/2023,7/28/2023,75
667,error: undefined method `first' for nil:NilClass,Lazzy,120.28,640,4.7,1/3/2023,7/23/2023,27
668,error: undefined method `first' for nil:NilClass,Katz,76.9,930,3.0,8/1/2023,6/21/2023,38
669,error: undefined method `first' for nil:NilClass,Divavu,46.29,363,2.2,3/18/2023,9/20/2023,63
670,error: undefined method `first' for nil:NilClass,Gabspot,742.47,695,4.4,3/31/2023,9/28/2023,46
671,error: undefined method `first' for nil:NilClass,Rhycero,644.71,624,2.6,6/23/2023,3/8/2023,32
672,error: undefined method `first' for nil:NilClass,Centidel,667.86,527,4.1,8/5/2023,3/26/2023,63
673,error: undefined method `first' for nil:NilClass,Mynte,612.12,686,2.0,8/17/2023,9/4/2023,7
674,error: undefined method `first' for nil:NilClass,Viva,664.85,247,4.1,8/28/2023,1/22/2023,10
675,error: undefined method `first' for nil:NilClass,Feedfire,20.62,368,2.0,6/11/2023,3/16/2023,22
676,error: undefined method `first' for nil:NilClass,Ailane,19.94,600,1.0,2/10/2023,4/25/2023,86
677,error: undefined method `first' for nil:NilClass,Zoozzy,47.21,522,4.1,1/17/2023,3/17/2023,12
678,error: undefined method `first' for nil:NilClass,Ntag,982.67,706,1.5,2/24/2023,8/8/2023,61
679,error: undefined method `first' for nil:NilClass,Browsezoom,245.72,890,2.4,4/16/2023,4/25/2023,9
680,error: undefined method `first' for nil:NilClass,Skyvu,782.26,913,3.3,4/16/2023,8/22/2023,6
681,error: undefined method `first' for nil:NilClass,Babbleblab,425.48,845,2.0,5/6/2023,7/15/2023,61
682,error: undefined method `first' for nil:NilClass,Skimia,401.13,669,3.5,7/29/2023,4/14/2023,45
683,error: undefined method `first' for nil:NilClass,Reallinks,982.62,666,3.0,7/19/2023,9/7/2023,59
684,error: undefined method `first' for nil:NilClass,Gabvine,43.9,371,2.6,5/27/2023,7/14/2023,52
685,error: undefined method `first' for nil:NilClass,Thoughtstorm,413.26,840,2.0,10/13/2023,1/1/2023,37
686,error: undefined method `first' for nil:NilClass,Tavu,322.94,340,1.2,5/10/2023,4/16/2023,57
687,error: undefined method `first' for nil:NilClass,Demizz,545.4,53,4.7,5/5/2023,3/10/2023,92
688,error: undefined method `first' for nil:NilClass,Vidoo,254.28,572,3.7,3/26/2023,9/29/2023,9
689,error: undefined method `first' for nil:NilClass,Gabspot,326.29,282,2.0,1/9/2023,3/1/2023,97
690,error: undefined method `first' for nil:NilClass,Jabbercube,891.76,739,4.9,9/29/2023,5/8/2023,24
691,error: undefined method `first' for nil:NilClass,Kazio,73.35,289,5.0,9/27/2023,4/24/2023,94
692,error: undefined method `first' for nil:NilClass,Edgeclub,994.69,988,1.3,6/2/2023,9/22/2023,95
693,error: undefined method `first' for nil:NilClass,Gevee,362.48,468,1.8,6/10/2023,3/14/2023,99
694,error: undefined method `first' for nil:NilClass,Jabbercube,406.01,850,4.8,5/12/2023,9/24/2023,10
695,error: undefined method `first' for nil:NilClass,Zoozzy,226.64,707,3.3,3/11/2023,10/19/2023,94
696,error: undefined method `first' for nil:NilClass,Skimia,774.63,727,2.7,6/12/2023,4/15/2023,94
697,error: undefined method `first' for nil:NilClass,Quamba,402.93,683,2.7,9/23/2023,10/3/2023,3
698,error: undefined method `first' for nil:NilClass,Aivee,238.16,829,1.2,5/1/2023,4/15/2023,25
699,error: undefined method `first' for nil:NilClass,Tazz,105.72,653,2.0,1/16/2023,4/7/2023,92
700,error: undefined method `first' for nil:NilClass,Yakijo,644.54,534,4.7,7/16/2023,10/12/2023,19
701,error: undefined method `first' for nil:NilClass,Blognation,992.01,953,3.9,9/4/2023,10/11/2023,61
702,error: undefined method `first' for nil:NilClass,Twinte,299.28,383,1.1,2/17/2023,9/4/2023,95
703,error: undefined method `first' for nil:NilClass,Bluezoom,558.24,279,4.8,4/18/2023,3/11/2023,86
704,error: undefined method `first' for nil:NilClass,Topicstorm,307.82,318,3.1,7/17/2023,5/12/2023,100
705,error: undefined method `first' for nil:NilClass,Yamia,282.15,169,2.3,8/27/2023,9/10/2023,85
706,error: undefined method `first' for nil:NilClass,Twitterbeat,361.86,106,1.3,4/21/2023,7/17/2023,67
707,error: undefined method `first' for nil:NilClass,Ntag,143.25,851,2.4,1/12/2023,7/24/2023,32
708,error: undefined method `first' for nil:NilClass,Meeveo,341.99,581,4.5,2/15/2023,5/24/2023,13
709,error: undefined method `first' for nil:NilClass,Nlounge,300.91,728,1.3,8/11/2023,7/10/2023,29
710,error: undefined method `first' for nil:NilClass,Chatterbridge,966.44,693,2.2,1/7/2023,7/6/2023,4
711,error: undefined method `first' for nil:NilClass,Flipstorm,230.75,50,2.6,2/27/2023,7/7/2023,42
712,error: undefined method `first' for nil:NilClass,Dynazzy,940.62,351,4.7,9/23/2023,2/19/2023,55
713,error: undefined method `first' for nil:NilClass,Feedmix,440.45,925,4.5,7/18/2023,3/23/2023,55
714,error: undefined method `first' for nil:NilClass,Kimia,29.25,53,2.5,2/10/2023,3/26/2023,6
715,error: undefined method `first' for nil:NilClass,Quatz,243.83,994,2.3,5/15/2023,3/9/2023,38
716,error: undefined method `first' for nil:NilClass,Abata,130.0,643,4.0,2/1/2023,7/4/2023,71
717,error: undefined method `first' for nil:NilClass,Oozz,121.35,60,1.3,1/9/2023,9/15/2023,30
718,error: undefined method `first' for nil:NilClass,Eamia,652.9,113,2.8,3/26/2023,2/14/2023,57
719,error: undefined method `first' for nil:NilClass,Eire,423.39,120,3.4,2/15/2023,3/13/2023,57
720,error: undefined method `first' for nil:NilClass,Yacero,75.34,375,5.0,5/2/2023,1/16/2023,16
721,error: undefined method `first' for nil:NilClass,Trudeo,786.84,678,4.7,1/4/2023,5/1/2023,56
722,error: undefined method `first' for nil:NilClass,Oodoo,629.73,419,2.3,6/24/2023,6/16/2023,42
723,error: undefined method `first' for nil:NilClass,Zooveo,954.39,201,2.7,2/1/2023,8/17/2023,97
724,error: undefined method `first' for nil:NilClass,Fatz,398.2,516,3.9,4/20/2023,8/4/2023,31
725,error: undefined method `first' for nil:NilClass,Twitterlist,971.75,727,3.1,5/25/2023,7/15/2023,2
726,error: undefined method `first' for nil:NilClass,Rhynoodle,126.62,883,2.6,3/21/2023,3/12/2023,85
727,error: undefined method `first' for nil:NilClass,InnoZ,244.91,509,4.8,1/11/2023,5/30/2023,17
728,error: undefined method `first' for nil:NilClass,Katz,187.01,686,4.3,3/22/2023,9/30/2023,63
729,error: undefined method `first' for nil:NilClass,Blogspan,729.18,119,4.3,4/29/2023,9/16/2023,11
730,error: undefined method `first' for nil:NilClass,Flipstorm,849.85,875,2.1,8/11/2023,8/22/2023,66
731,error: undefined method `first' for nil:NilClass,Edgetag,195.94,267,5.0,5/13/2023,7/5/2023,29
732,error: undefined method `first' for nil:NilClass,Realmix,783.31,956,4.0,9/25/2023,6/11/2023,49
733,error: undefined method `first' for nil:NilClass,Babbleblab,534.78,66,1.7,5/21/2023,6/20/2023,25
734,error: undefined method `first' for nil:NilClass,Buzzster,303.18,426,1.1,3/16/2023,8/25/2023,78
735,error: undefined method `first' for nil:NilClass,Yombu,5.89,954,3.9,9/22/2023,6/4/2023,43
736,error: undefined method `first' for nil:NilClass,Gigabox,161.15,653,2.3,3/25/2023,3/3/2023,2
737,error: undefined method `first' for nil:NilClass,Photobug,797.93,585,2.1,5/31/2023,10/4/2023,44
738,error: undefined method `first' for nil:NilClass,Thoughtbeat,523.15,243,2.6,9/3/2023,3/12/2023,92
739,error: undefined method `first' for nil:NilClass,Buzzster,413.59,476,4.9,7/2/2023,6/30/2023,16
740,error: undefined method `first' for nil:NilClass,Flipstorm,223.33,283,3.1,1/5/2023,9/2/2023,68
741,error: undefined method `first' for nil:NilClass,Fanoodle,904.2,656,3.1,1/22/2023,6/8/2023,44
742,error: undefined method `first' for nil:NilClass,Gabspot,812.3,743,4.8,7/15/2023,4/25/2023,49
743,error: undefined method `first' for nil:NilClass,Quinu,192.36,615,2.5,7/20/2023,1/21/2023,16
744,error: undefined method `first' for nil:NilClass,Meezzy,737.01,482,3.8,3/1/2023,4/10/2023,16
745,error: undefined method `first' for nil:NilClass,Jaxbean,257.98,972,3.1,3/19/2023,6/17/2023,53
746,error: undefined method `first' for nil:NilClass,Voomm,910.59,959,1.8,6/6/2023,9/4/2023,80
747,error: undefined method `first' for nil:NilClass,Twimm,770.34,793,4.9,6/28/2023,3/19/2023,99
748,error: undefined method `first' for nil:NilClass,Aimbu,644.25,861,3.5,2/9/2023,8/7/2023,58
749,error: undefined method `first' for nil:NilClass,Feedmix,272.98,762,1.2,1/21/2023,2/23/2023,42
750,error: undefined method `first' for nil:NilClass,Topicshots,745.6,327,3.9,8/12/2023,9/30/2023,49
751,error: undefined method `first' for nil:NilClass,Muxo,312.44,563,4.0,8/30/2023,9/17/2023,85
752,error: undefined method `first' for nil:NilClass,Livepath,461.25,921,2.8,5/21/2023,2/15/2023,8
753,error: undefined method `first' for nil:NilClass,Camido,62.12,421,2.5,9/1/2023,7/14/2023,31
754,error: undefined method `first' for nil:NilClass,Vidoo,351.16,90,4.5,9/21/2023,9/9/2023,42
755,error: undefined method `first' for nil:NilClass,Photospace,892.55,611,1.8,7/6/2023,4/8/2023,27
756,error: undefined method `first' for nil:NilClass,Fivespan,829.88,973,3.8,6/17/2023,6/1/2023,78
757,error: undefined method `first' for nil:NilClass,Mynte,288.1,706,3.9,7/18/2023,6/11/2023,83
758,error: undefined method `first' for nil:NilClass,Snaptags,297.38,565,4.9,4/18/2023,8/7/2023,93
759,error: undefined method `first' for nil:NilClass,Brightdog,187.61,791,4.4,9/27/2023,6/24/2023,8
760,error: undefined method `first' for nil:NilClass,BlogXS,981.61,427,3.7,7/29/2023,1/30/2023,2
761,error: undefined method `first' for nil:NilClass,Vinte,513.5,391,1.1,4/9/2023,6/4/2023,42
762,error: undefined method `first' for nil:NilClass,Quinu,149.76,760,4.9,10/6/2023,2/2/2023,28
763,error: undefined method `first' for nil:NilClass,Avamba,202.23,197,2.9,9/15/2023,8/21/2023,60
764,error: undefined method `first' for nil:NilClass,Mydo,337.58,274,2.2,7/31/2023,4/26/2023,90
765,error: undefined method `first' for nil:NilClass,Midel,888.15,430,4.6,1/6/2023,3/29/2023,64
766,error: undefined method `first' for nil:NilClass,Layo,367.25,248,3.0,7/15/2023,6/27/2023,61
767,error: undefined method `first' for nil:NilClass,Jetpulse,153.46,293,4.5,4/12/2023,1/31/2023,49
768,error: undefined method `first' for nil:NilClass,Topiczoom,31.35,98,1.6,8/16/2023,4/28/2023,4
769,error: undefined method `first' for nil:NilClass,Riffpath,961.05,496,2.1,3/12/2023,5/4/2023,57
770,error: undefined method `first' for nil:NilClass,Skidoo,616.24,531,2.0,9/4/2023,10/5/2023,66
771,error: undefined method `first' for nil:NilClass,Centimia,101.06,82,5.0,10/18/2023,8/26/2023,31
772,error: undefined method `first' for nil:NilClass,Dynabox,311.95,5,4.9,9/27/2023,7/21/2023,96
773,error: undefined method `first' for nil:NilClass,Youspan,156.2,47,3.8,6/11/2023,3/20/2023,10
774,error: undefined method `first' for nil:NilClass,Oba,882.08,95,3.6,3/8/2023,4/3/2023,66
775,error: undefined method `first' for nil:NilClass,Kamba,551.21,43,1.0,4/17/2023,7/31/2023,23
776,error: undefined method `first' for nil:NilClass,Tambee,82.68,856,3.3,2/22/2023,1/27/2023,12
777,error: undefined method `first' for nil:NilClass,Thoughtmix,700.8,224,2.8,7/14/2023,8/6/2023,44
778,error: undefined method `first' for nil:NilClass,Wikizz,635.36,401,1.2,6/14/2023,2/10/2023,97
779,error: undefined method `first' for nil:NilClass,Thoughtmix,965.82,30,2.1,6/8/2023,1/30/2023,46
780,error: undefined method `first' for nil:NilClass,Browsebug,575.69,338,4.5,7/11/2023,4/17/2023,4
781,error: undefined method `first' for nil:NilClass,Edgepulse,859.36,531,2.0,7/18/2023,2/20/2023,28
782,error: undefined method `first' for nil:NilClass,Eimbee,26.95,433,1.0,7/14/2023,4/14/2023,41
783,error: undefined method `first' for nil:NilClass,Dabtype,88.13,718,2.1,6/28/2023,1/9/2023,80
784,error: undefined method `first' for nil:NilClass,Zooxo,485.57,72,1.2,5/5/2023,4/19/2023,66
785,error: undefined method `first' for nil:NilClass,Thoughtbridge,311.34,398,4.3,9/23/2023,9/13/2023,70
786,error: undefined method `first' for nil:NilClass,Centizu,295.96,237,4.9,10/2/2023,3/10/2023,29
787,error: undefined method `first' for nil:NilClass,Dynabox,236.1,720,1.9,9/12/2023,1/15/2023,19
788,error: undefined method `first' for nil:NilClass,Mita,682.26,756,2.8,9/28/2023,1/16/2023,3
789,error: undefined method `first' for nil:NilClass,Skalith,358.87,909,1.7,4/22/2023,5/15/2023,17
790,error: undefined method `first' for nil:NilClass,Plambee,434.22,895,2.8,6/24/2023,8/30/2023,11
791,error: undefined method `first' for nil:NilClass,Dynabox,742.04,689,3.4,6/20/2023,9/28/2023,65
792,error: undefined method `first' for nil:NilClass,Fadeo,247.27,422,2.2,6/18/2023,10/19/2023,85
793,error: undefined method `first' for nil:NilClass,Skinte,792.33,370,3.7,1/20/2023,10/8/2023,20
794,error: undefined method `first' for nil:NilClass,Topdrive,750.37,988,4.9,4/25/2023,4/6/2023,92
795,error: undefined method `first' for nil:NilClass,Katz,131.33,304,5.0,8/24/2023,2/14/2023,20
796,error: undefined method `first' for nil:NilClass,Flashset,182.8,660,5.0,1/2/2023,6/7/2023,49
797,error: undefined method `first' for nil:NilClass,Shuffletag,744.69,289,3.9,10/4/2023,8/15/2023,34
798,error: undefined method `first' for nil:NilClass,Skimia,460.86,135,4.6,7/15/2023,5/5/2023,1
799,error: undefined method `first' for nil:NilClass,Youfeed,226.45,195,4.4,10/19/2023,7/24/2023,98
800,error: undefined method `first' for nil:NilClass,Rhycero,701.58,535,2.6,7/13/2023,7/23/2023,99
801,error: undefined method `first' for nil:NilClass,Brainsphere,608.93,181,4.0,5/28/2023,2/19/2023,51
802,error: undefined method `first' for nil:NilClass,Kimia,397.68,789,4.4,4/10/2023,8/11/2023,3
803,error: undefined method `first' for nil:NilClass,Dabvine,993.68,113,1.9,3/17/2023,3/30/2023,61
804,error: undefined method `first' for nil:NilClass,Yotz,398.26,833,4.4,8/29/2023,5/3/2023,70
805,error: undefined method `first' for nil:NilClass,Omba,827.56,260,3.2,2/4/2023,5/29/2023,38
806,error: undefined method `first' for nil:NilClass,Aivee,553.95,60,3.0,3/19/2023,1/23/2023,27
807,error: undefined method `first' for nil:NilClass,Digitube,533.25,306,4.9,1/19/2023,7/19/2023,8
808,error: undefined method `first' for nil:NilClass,Tagtune,426.35,668,5.0,7/6/2023,2/21/2023,10
809,error: undefined method `first' for nil:NilClass,Brightbean,114.79,942,2.1,1/7/2023,5/21/2023,14
810,error: undefined method `first' for nil:NilClass,Oba,558.74,837,2.6,7/24/2023,5/21/2023,14
811,error: undefined method `first' for nil:NilClass,Devpulse,686.74,809,3.6,4/24/2023,9/4/2023,89
812,error: undefined method `first' for nil:NilClass,Jabbersphere,49.31,268,3.9,7/12/2023,2/25/2023,98
813,error: undefined method `first' for nil:NilClass,Ntags,407.1,937,4.3,10/2/2023,2/15/2023,20
814,error: undefined method `first' for nil:NilClass,Kamba,222.13,308,4.4,1/10/2023,5/13/2023,69
815,error: undefined method `first' for nil:NilClass,Wikido,225.94,242,1.6,10/3/2023,8/1/2023,30
816,error: undefined method `first' for nil:NilClass,Meeveo,281.45,254,3.1,10/4/2023,2/23/2023,76
817,error: undefined method `first' for nil:NilClass,Realcube,241.63,777,4.5,3/6/2023,4/23/2023,28
818,error: undefined method `first' for nil:NilClass,Yodoo,44.73,867,1.1,1/31/2023,7/8/2023,1
819,error: undefined method `first' for nil:NilClass,Photobean,544.22,614,4.2,6/10/2023,10/14/2023,14
820,error: undefined method `first' for nil:NilClass,Twinder,679.35,38,2.1,4/26/2023,2/20/2023,60
821,error: undefined method `first' for nil:NilClass,Jaxspan,818.64,525,5.0,5/11/2023,9/15/2023,9
822,error: undefined method `first' for nil:NilClass,Buzzster,254.74,871,1.3,8/14/2023,10/5/2023,19
823,error: undefined method `first' for nil:NilClass,Gabcube,442.82,988,2.4,5/7/2023,9/27/2023,45
824,error: undefined method `first' for nil:NilClass,Wordtune,850.67,34,3.1,1/7/2023,10/18/2023,86
825,error: undefined method `first' for nil:NilClass,Jazzy,383.71,509,4.0,9/27/2023,5/3/2023,92
826,error: undefined method `first' for nil:NilClass,Ntags,724.52,878,4.8,8/28/2023,10/19/2023,66
827,error: undefined method `first' for nil:NilClass,Devpoint,250.62,880,1.9,6/21/2023,10/2/2023,78
828,error: undefined method `first' for nil:NilClass,Zoombox,608.47,828,4.9,9/19/2023,9/7/2023,44
829,error: undefined method `first' for nil:NilClass,Fiveclub,598.74,960,1.5,4/4/2023,6/25/2023,70
830,error: undefined method `first' for nil:NilClass,Pixoboo,922.88,843,3.4,10/7/2023,9/28/2023,14
831,error: undefined method `first' for nil:NilClass,Yodoo,540.35,413,1.7,6/28/2023,3/4/2023,98
832,error: undefined method `first' for nil:NilClass,Flashset,551.61,60,4.5,7/1/2023,7/3/2023,33
833,error: undefined method `first' for nil:NilClass,Browsecat,304.64,145,3.1,2/13/2023,7/7/2023,10
834,error: undefined method `first' for nil:NilClass,Twitterwire,349.8,9,2.4,2/9/2023,6/12/2023,56
835,error: undefined method `first' for nil:NilClass,Npath,364.27,515,1.2,7/27/2023,1/27/2023,89
836,error: undefined method `first' for nil:NilClass,Youopia,789.65,1,2.7,3/29/2023,9/26/2023,8
837,error: undefined method `first' for nil:NilClass,Kayveo,708.38,980,2.6,9/7/2023,5/20/2023,39
838,error: undefined method `first' for nil:NilClass,Fivechat,799.97,969,4.7,7/21/2023,9/6/2023,91
839,error: undefined method `first' for nil:NilClass,Flashset,258.33,939,2.1,4/12/2023,2/12/2023,52
840,error: undefined method `first' for nil:NilClass,Rhyloo,298.9,383,4.9,6/8/2023,7/2/2023,93
841,error: undefined method `first' for nil:NilClass,Eare,257.8,783,4.2,6/2/2023,3/25/2023,43
842,error: undefined method `first' for nil:NilClass,Einti,194.78,212,4.7,7/7/2023,10/7/2023,100
843,error: undefined method `first' for nil:NilClass,Zoonder,433.75,696,3.9,9/16/2023,7/24/2023,9
844,error: undefined method `first' for nil:NilClass,Eabox,835.11,453,1.6,3/5/2023,9/8/2023,35
845,error: undefined method `first' for nil:NilClass,Skinte,929.85,713,3.6,2/9/2023,8/29/2023,22
846,error: undefined method `first' for nil:NilClass,Tavu,358.28,368,3.9,6/24/2023,9/24/2023,12
847,error: undefined method `first' for nil:NilClass,Oba,215.05,573,4.8,6/10/2023,9/1/2023,13
848,error: undefined method `first' for nil:NilClass,Eire,722.55,497,4.8,9/2/2023,6/17/2023,11
849,error: undefined method `first' for nil:NilClass,Shufflebeat,480.31,198,3.6,2/20/2023,8/19/2023,44
850,error: undefined method `first' for nil:NilClass,Thoughtworks,802.58,167,2.7,8/27/2023,8/24/2023,48
851,error: undefined method `first' for nil:NilClass,Jaxbean,634.71,620,1.1,9/11/2023,1/2/2023,88
852,error: undefined method `first' for nil:NilClass,Twimbo,301.78,79,4.1,10/11/2023,8/19/2023,95
853,error: undefined method `first' for nil:NilClass,Vimbo,658.52,700,2.5,5/24/2023,7/28/2023,68
854,error: undefined method `first' for nil:NilClass,Tanoodle,242.75,403,2.4,4/6/2023,4/18/2023,3
855,error: undefined method `first' for nil:NilClass,Blogtags,381.31,26,2.4,2/8/2023,2/18/2023,22
856,error: undefined method `first' for nil:NilClass,Fadeo,359.79,936,1.4,6/18/2023,2/23/2023,25
857,error: undefined method `first' for nil:NilClass,Oyoyo,418.38,61,4.4,8/9/2023,7/1/2023,92
858,error: undefined method `first' for nil:NilClass,Topiczoom,35.44,936,3.7,6/7/2023,9/24/2023,55
859,error: undefined method `first' for nil:NilClass,Rhybox,569.33,672,1.6,2/5/2023,8/25/2023,72
860,error: undefined method `first' for nil:NilClass,Devshare,236.92,528,1.5,7/10/2023,4/1/2023,100
861,error: undefined method `first' for nil:NilClass,JumpXS,960.28,335,3.4,10/18/2023,5/31/2023,74
862,error: undefined method `first' for nil:NilClass,Browsebug,162.07,917,3.6,2/1/2023,7/12/2023,21
863,error: undefined method `first' for nil:NilClass,Jayo,662.58,870,1.0,10/6/2023,7/6/2023,8
864,error: undefined method `first' for nil:NilClass,Demivee,26.43,92,2.2,3/17/2023,3/6/2023,93
865,error: undefined method `first' for nil:NilClass,Devpulse,108.47,425,2.0,7/23/2023,9/6/2023,77
866,error: undefined method `first' for nil:NilClass,Roodel,749.88,529,2.6,9/29/2023,7/14/2023,90
867,error: undefined method `first' for nil:NilClass,Camimbo,465.85,987,4.2,10/18/2023,4/4/2023,98
868,error: undefined method `first' for nil:NilClass,Yodoo,419.24,750,4.4,6/19/2023,8/6/2023,89
869,error: undefined method `first' for nil:NilClass,Skiba,627.81,214,3.7,9/18/2023,1/20/2023,61
870,error: undefined method `first' for nil:NilClass,Zoomcast,936.17,368,3.1,9/13/2023,4/15/2023,78
871,error: undefined method `first' for nil:NilClass,Vinder,329.91,398,2.2,9/16/2023,9/6/2023,49
872,error: undefined method `first' for nil:NilClass,Wikivu,86.8,664,5.0,7/11/2023,7/18/2023,68
873,error: undefined method `first' for nil:NilClass,Twinder,231.27,962,4.8,3/18/2023,5/21/2023,57
874,error: undefined method `first' for nil:NilClass,Yoveo,621.76,972,4.1,1/1/2023,4/23/2023,53
875,error: undefined method `first' for nil:NilClass,Zoovu,332.73,283,3.5,1/26/2023,4/25/2023,63
876,error: undefined method `first' for nil:NilClass,Kaymbo,684.14,121,1.2,7/30/2023,6/28/2023,91
877,error: undefined method `first' for nil:NilClass,Devbug,670.01,398,3.6,2/18/2023,7/30/2023,88
878,error: undefined method `first' for nil:NilClass,Flipstorm,348.48,864,1.6,2/24/2023,8/6/2023,48
879,error: undefined method `first' for nil:NilClass,Eamia,75.65,810,2.0,3/8/2023,7/1/2023,29
880,error: undefined method `first' for nil:NilClass,Katz,672.95,413,3.3,3/12/2023,8/22/2023,2
881,error: undefined method `first' for nil:NilClass,Chatterbridge,50.26,83,3.8,10/12/2023,5/1/2023,9
882,error: undefined method `first' for nil:NilClass,Leexo,639.44,778,1.8,5/28/2023,3/19/2023,85
883,error: undefined method `first' for nil:NilClass,Riffpath,83.47,97,1.5,8/28/2023,6/13/2023,94
884,error: undefined method `first' for nil:NilClass,Fatz,979.63,411,2.5,10/2/2023,10/2/2023,81
885,error: undefined method `first' for nil:NilClass,Yata,999.29,258,4.0,6/4/2023,3/31/2023,20
886,error: undefined method `first' for nil:NilClass,Mynte,798.56,182,3.5,6/10/2023,9/14/2023,25
887,error: undefined method `first' for nil:NilClass,Centizu,127.88,525,2.7,6/6/2023,1/23/2023,40
888,error: undefined method `first' for nil:NilClass,Realfire,660.9,216,4.3,1/11/2023,5/20/2023,68
889,error: undefined method `first' for nil:NilClass,Gigabox,423.89,245,2.8,8/6/2023,1/22/2023,44
890,error: undefined method `first' for nil:NilClass,Camido,188.96,134,4.9,6/1/2023,9/13/2023,27
891,error: undefined method `first' for nil:NilClass,Gabtune,805.05,832,1.3,5/5/2023,3/16/2023,8
892,error: undefined method `first' for nil:NilClass,Einti,463.93,734,3.3,9/6/2023,3/2/2023,73
893,error: undefined method `first' for nil:NilClass,Jabbersphere,392.78,780,3.5,8/25/2023,1/10/2023,50
894,error: undefined method `first' for nil:NilClass,Browseblab,931.55,96,1.5,7/23/2023,1/21/2023,13
895,error: undefined method `first' for nil:NilClass,Skippad,36.71,189,1.1,2/22/2023,6/2/2023,22
896,error: undefined method `first' for nil:NilClass,Rhycero,908.01,915,4.1,7/5/2023,8/24/2023,48
897,error: undefined method `first' for nil:NilClass,Quaxo,392.44,794,2.3,2/15/2023,5/25/2023,43
898,error: undefined method `first' for nil:NilClass,Realbridge,461.09,911,4.0,3/13/2023,6/29/2023,2
899,error: undefined method `first' for nil:NilClass,Oyoyo,760.92,598,2.8,4/27/2023,2/27/2023,81
900,error: undefined method `first' for nil:NilClass,Realcube,966.17,208,1.3,6/20/2023,9/7/2023,27
901,error: undefined method `first' for nil:NilClass,Flipbug,947.04,346,3.1,3/9/2023,4/23/2023,85
902,error: undefined method `first' for nil:NilClass,Mycat,649.57,648,4.5,10/3/2023,7/22/2023,62
903,error: undefined method `first' for nil:NilClass,Mynte,395.42,373,2.0,7/26/2023,10/13/2023,99
904,error: undefined method `first' for nil:NilClass,Flipopia,578.59,949,3.9,5/3/2023,1/18/2023,45
905,error: undefined method `first' for nil:NilClass,Twinte,571.4,359,1.7,9/18/2023,5/19/2023,80
906,error: undefined method `first' for nil:NilClass,Skimia,348.75,475,2.9,10/7/2023,3/7/2023,49
907,error: undefined method `first' for nil:NilClass,Browsedrive,110.17,391,3.2,7/31/2023,7/23/2023,69
908,error: undefined method `first' for nil:NilClass,Skyble,438.85,647,1.5,7/16/2023,5/24/2023,70
909,error: undefined method `first' for nil:NilClass,Quire,401.81,213,4.2,8/11/2023,1/19/2023,97
910,error: undefined method `first' for nil:NilClass,Tagcat,674.92,306,4.6,7/15/2023,8/16/2023,37
911,error: undefined method `first' for nil:NilClass,Yoveo,786.75,65,5.0,6/18/2023,9/29/2023,11
912,error: undefined method `first' for nil:NilClass,Lazzy,149.48,718,1.9,4/15/2023,6/10/2023,22
913,error: undefined method `first' for nil:NilClass,Miboo,477.81,812,4.2,10/10/2023,7/26/2023,67
914,error: undefined method `first' for nil:NilClass,Voonix,100.03,209,2.8,2/24/2023,3/14/2023,39
915,error: undefined method `first' for nil:NilClass,Jatri,846.17,876,2.6,6/16/2023,8/15/2023,51
916,error: undefined method `first' for nil:NilClass,Yakidoo,271.56,322,2.0,4/20/2023,5/5/2023,64
917,error: undefined method `first' for nil:NilClass,Jabbersphere,13.97,863,4.7,2/2/2023,6/21/2023,28
918,error: undefined method `first' for nil:NilClass,Quaxo,287.91,688,3.1,1/17/2023,7/6/2023,21
919,error: undefined method `first' for nil:NilClass,Rhynoodle,35.75,908,1.4,10/17/2023,10/10/2023,49
920,error: undefined method `first' for nil:NilClass,Zoomlounge,788.06,59,4.6,2/4/2023,2/14/2023,78
921,error: undefined method `first' for nil:NilClass,Thoughtsphere,922.38,434,1.7,5/5/2023,9/30/2023,64
922,error: undefined method `first' for nil:NilClass,Ntags,960.98,194,1.9,2/24/2023,6/10/2023,42
923,error: undefined method `first' for nil:NilClass,Roodel,299.52,97,2.3,1/26/2023,10/6/2023,95
924,error: undefined method `first' for nil:NilClass,Linkbridge,482.39,145,5.0,8/23/2023,9/13/2023,83
925,error: undefined method `first' for nil:NilClass,Tagcat,160.64,705,2.4,3/27/2023,8/31/2023,50
926,error: undefined method `first' for nil:NilClass,Yabox,397.62,861,1.2,2/20/2023,7/31/2023,94
927,error: undefined method `first' for nil:NilClass,Yoveo,299.59,20,1.2,9/22/2023,9/8/2023,84
928,error: undefined method `first' for nil:NilClass,Yombu,816.86,928,3.9,5/21/2023,4/9/2023,35
929,error: undefined method `first' for nil:NilClass,Wikivu,969.23,987,4.6,6/2/2023,1/16/2023,4
930,error: undefined method `first' for nil:NilClass,Jazzy,681.16,74,2.9,4/24/2023,4/25/2023,84
931,error: undefined method `first' for nil:NilClass,Buzzbean,748.33,842,4.3,3/9/2023,1/5/2023,98
932,error: undefined method `first' for nil:NilClass,Plambee,415.74,887,3.0,8/10/2023,6/26/2023,2
933,error: undefined method `first' for nil:NilClass,Snaptags,259.15,124,1.9,3/15/2023,6/8/2023,86
934,error: undefined method `first' for nil:NilClass,Avamba,233.94,542,1.9,8/20/2023,9/3/2023,97
935,error: undefined method `first' for nil:NilClass,Plambee,342.94,157,1.4,7/21/2023,6/3/2023,73
936,error: undefined method `first' for nil:NilClass,Trupe,954.72,482,4.2,4/27/2023,10/15/2023,67
937,error: undefined method `first' for nil:NilClass,Agivu,860.17,265,1.1,9/17/2023,3/3/2023,20
938,error: undefined method `first' for nil:NilClass,Ntags,646.99,216,4.9,10/4/2023,2/19/2023,32
939,error: undefined method `first' for nil:NilClass,Jamia,228.17,159,2.4,4/12/2023,8/7/2023,74
940,error: undefined method `first' for nil:NilClass,Dabvine,541.39,323,1.8,10/4/2023,5/3/2023,97
941,error: undefined method `first' for nil:NilClass,Topiclounge,751.79,492,3.7,1/18/2023,9/16/2023,22
942,error: undefined method `first' for nil:NilClass,Realbuzz,84.99,758,2.9,6/23/2023,5/22/2023,6
943,error: undefined method `first' for nil:NilClass,Wordtune,357.45,453,3.8,1/22/2023,1/2/2023,29
944,error: undefined method `first' for nil:NilClass,Mycat,91.69,892,5.0,10/19/2023,4/8/2023,32
945,error: undefined method `first' for nil:NilClass,Blogtag,523.54,536,3.5,3/6/2023,2/6/2023,48
946,error: undefined method `first' for nil:NilClass,Yodel,106.63,183,4.6,10/2/2023,5/20/2023,94
947,error: undefined method `first' for nil:NilClass,Realfire,736.37,460,4.3,3/2/2023,4/6/2023,59
948,error: undefined method `first' for nil:NilClass,Tagpad,317.24,879,3.1,4/27/2023,3/3/2023,9
949,error: undefined method `first' for nil:NilClass,Wikizz,700.98,188,3.8,8/24/2023,10/15/2023,50
950,error: undefined method `first' for nil:NilClass,Jatri,771.28,562,4.3,8/1/2023,4/8/2023,5
951,error: undefined method `first' for nil:NilClass,Buzzshare,226.28,169,1.2,9/6/2023,3/9/2023,16
952,error: undefined method `first' for nil:NilClass,Gigazoom,87.27,665,4.6,4/24/2023,1/27/2023,92
953,error: undefined method `first' for nil:NilClass,BlogXS,838.84,796,2.1,6/29/2023,10/15/2023,10
954,error: undefined method `first' for nil:NilClass,Skaboo,187.89,53,3.6,3/13/2023,1/1/2023,91
955,error: undefined method `first' for nil:NilClass,Devpoint,582.69,571,3.6,6/30/2023,3/27/2023,6
956,error: undefined method `first' for nil:NilClass,Feedspan,394.29,156,1.5,2/13/2023,10/6/2023,49
957,error: undefined method `first' for nil:NilClass,Vidoo,567.52,225,4.4,9/25/2023,9/4/2023,26
958,error: undefined method `first' for nil:NilClass,Feedfish,389.64,312,4.1,5/22/2023,7/27/2023,57
959,error: undefined method `first' for nil:NilClass,Zoonder,971.87,215,5.0,4/11/2023,5/20/2023,9
960,error: undefined method `first' for nil:NilClass,Realpoint,650.65,632,4.7,5/11/2023,6/2/2023,27
961,error: undefined method `first' for nil:NilClass,Kare,226.24,813,4.2,3/18/2023,9/11/2023,86
962,error: undefined method `first' for nil:NilClass,Flipstorm,331.43,370,3.1,1/7/2023,3/7/2023,20
963,error: undefined method `first' for nil:NilClass,Dabshots,82.22,657,3.7,1/30/2023,6/27/2023,51
964,error: undefined method `first' for nil:NilClass,Pixoboo,324.25,984,3.8,3/8/2023,3/26/2023,23
965,error: undefined method `first' for nil:NilClass,Centimia,2.02,481,2.4,7/18/2023,1/13/2023,54
966,error: undefined method `first' for nil:NilClass,Pixoboo,461.86,577,2.5,2/25/2023,5/16/2023,10
967,error: undefined method `first' for nil:NilClass,Dynazzy,745.13,262,3.8,4/27/2023,8/7/2023,67
968,error: undefined method `first' for nil:NilClass,Trupe,167.08,350,4.6,7/18/2023,4/10/2023,18
969,error: undefined method `first' for nil:NilClass,Kazio,436.5,783,4.5,1/9/2023,2/7/2023,32
970,error: undefined method `first' for nil:NilClass,Eidel,108.46,692,1.3,6/27/2023,7/16/2023,83
971,error: undefined method `first' for nil:NilClass,Eire,25.93,383,4.7,3/3/2023,5/22/2023,92
972,error: undefined method `first' for nil:NilClass,Vinder,365.15,119,1.0,1/1/2023,3/6/2023,63
973,error: undefined method `first' for nil:NilClass,Einti,979.2,996,2.3,1/26/2023,6/5/2023,44
974,error: undefined method `first' for nil:NilClass,Mydo,243.67,688,3.6,10/15/2023,6/24/2023,16
975,error: undefined method `first' for nil:NilClass,Livetube,874.77,32,3.0,5/18/2023,9/24/2023,64
976,error: undefined method `first' for nil:NilClass,DabZ,104.87,876,1.6,4/5/2023,7/17/2023,16
977,error: undefined method `first' for nil:NilClass,Livetube,516.75,995,2.5,4/6/2023,10/14/2023,26
978,error: undefined method `first' for nil:NilClass,Pixonyx,158.8,69,1.6,4/7/2023,3/13/2023,30
979,error: undefined method `first' for nil:NilClass,Photobug,363.04,587,2.3,9/30/2023,9/9/2023,4
980,error: undefined method `first' for nil:NilClass,Jetpulse,63.29,409,4.6,9/8/2023,10/10/2023,4
981,error: undefined method `first' for nil:NilClass,Thoughtblab,665.6,380,3.3,4/19/2023,8/3/2023,45
982,error: undefined method `first' for nil:NilClass,Skinte,324.6,604,3.2,6/13/2023,7/5/2023,17
983,error: undefined method `first' for nil:NilClass,Jabbercube,843.33,333,3.6,2/28/2023,1/28/2023,4
984,error: undefined method `first' for nil:NilClass,Livetube,860.32,452,4.6,6/8/2023,9/25/2023,30
985,error: undefined method `first' for nil:NilClass,Yakitri,247.96,239,4.6,8/6/2023,10/12/2023,44
986,error: undefined method `first' for nil:NilClass,Feedmix,352.91,245,3.5,4/2/2023,7/10/2023,66
987,error: undefined method `first' for nil:NilClass,Trunyx,968.71,907,1.8,5/18/2023,6/22/2023,69
988,error: undefined method `first' for nil:NilClass,Zoomcast,836.8,454,1.8,9/8/2023,7/27/2023,74
989,error: undefined method `first' for nil:NilClass,Rhybox,548.21,714,3.6,3/3/2023,6/18/2023,81
990,error: undefined method `first' for nil:NilClass,Yakijo,575.53,48,2.7,9/3/2023,4/16/2023,17
991,error: undefined method `first' for nil:NilClass,Livetube,526.24,681,1.1,1/17/2023,3/22/2023,80
992,error: undefined method `first' for nil:NilClass,Jetpulse,106.91,497,1.6,8/27/2023,1/3/2023,45
993,error: undefined method `first' for nil:NilClass,Flashspan,670.98,559,2.0,8/26/2023,10/14/2023,13
994,error: undefined method `first' for nil:NilClass,Rhybox,658.9,253,4.5,4/8/2023,7/29/2023,60
995,error: undefined method `first' for nil:NilClass,Eadel,956.22,843,2.8,8/27/2023,4/26/2023,69
996,error: undefined method `first' for nil:NilClass,Rhynyx,381.42,251,4.3,3/15/2023,3/19/2023,32
997,error: undefined method `first' for nil:NilClass,Photospace,955.05,359,1.2,5/31/2023,7/4/2023,35
998,error: undefined method `first' for nil:NilClass,Brainverse,395.19,21,4.5,4/18/2023,5/16/2023,36
999,error: undefined method `first' for nil:NilClass,Meedoo,925.21,573,4.0,10/2/2023,10/14/2023,21
1000,error: undefined method `first' for nil:NilClass,Skinix,74.15,971,1.1,5/13/2023,3/11/2023,13
